MODELYEAR,MAKE,CARLINECLASS,ENGINESIZE,CYLINDERS,TRANSMISSION,FUELCONSUMPTION_COB,CO2_EMISSION
2021,Honda,Two Seaters,3.5,6,Auto(AM-S9),21,420
2021,aston martin,Two Seaters,4.0,8,Manual(M7),17,541
2021,aston martin,Two Seaters,4.0,8,Auto(S8),20,435
2021,Volkswagen Group of,Two Seaters,5.2,10,Auto(AM-S7),16,567
2021,Volkswagen Group of,Two Seaters,5.2,10,Auto(AM-S7),17,528
2021,Volkswagen Group of,Two Seaters,5.2,10,Auto(AM-S7),16,567
2021,Volkswagen Group of,Two Seaters,5.2,10,Auto(AM-S7),17,528
2021,Volkswagen Group of,Two Seaters,2.0,4,Auto(AM-S7),26,344
2021,BMW,Two Seaters,3.0,6,Auto(S8),25,355
2021,BMW,Two Seaters,2.0,4,Auto(S8),28,321
2021,Volkswagen Group of,Two Seaters,8.0,16,Auto(AM-S7),11,840
2021,Volkswagen Group of,Two Seaters,8.0,16,Auto(AM-S7),10,893
2021,General Motors,Two Seaters,6.2,8,Auto(S8),19,467
2021,Ferrari,Two Seaters,6.5,12,Auto(AM7),13,665
2021,Ferrari,Two Seaters,6.5,12,Auto(AM7),13,661
2021,Ferrari,Two Seaters,3.9,8,Auto(AM7),16,552
2021,Ferrari,Two Seaters,3.9,8,Auto(AM7),16,541
2021,Ford Motor Company,Two Seaters,3.5,6,Auto(AM7),14,632
2021,Jaguar Land Rover L,Two Seaters,2.0,4,Auto(S8),26,346
2021,Jaguar Land Rover L,Two Seaters,2.0,4,Auto(S8),26,346
2021,Jaguar Land Rover L,Two Seaters,5.0,8,Auto(S8),18,481
2021,Jaguar Land Rover L,Two Seaters,5.0,8,Auto(S8),18,481
2021,Jaguar Land Rover L,Two Seaters,3.0,6,Auto(S8),21,426
2021,Jaguar Land Rover L,Two Seaters,3.0,6,Auto(S8),21,426
2021,Jaguar Land Rover L,Two Seaters,3.0,6,Auto(S8),22,407
2021,Jaguar Land Rover L,Two Seaters,3.0,6,Auto(S8),22,407
2021,Volkswagen Group of,Two Seaters,6.5,12,Auto(AM-S7),10,852
2021,Volkswagen Group of,Two Seaters,6.5,12,Auto(AM-S7),10,839
2021,Volkswagen Group of,Two Seaters,6.5,12,Auto(AM-S7),10,867
2021,Volkswagen Group of,Two Seaters,6.5,12,Auto(AM-S7),10,867
2021,Volkswagen Group of,Two Seaters,5.2,10,Auto(AM-S7),15,597
2021,Volkswagen Group of,Two Seaters,5.2,10,Auto(AM-S7),15,596
2021,Volkswagen Group of,Two Seaters,5.2,10,Auto(AM-S7),15,597
2021,Volkswagen Group of,Two Seaters,5.2,10,Auto(AM-S7),15,596
2021,MAZDA,Two Seaters,2.0,4,Auto(S6),30,299
2021,MAZDA,Two Seaters,2.0,4,Manual(M6),29,305
2021,McLaren Automotive ,Two Seaters,4.0,8,Auto(AM-S7),16,565
2021,McLaren Automotive ,Two Seaters,4.0,8,Auto(AM-S7),18,505
2021,McLaren Automotive ,Two Seaters,4.0,8,Auto(AM-S7),18,505
2021,McLaren Automotive ,Two Seaters,4.0,8,Auto(AM-S7),18,505
2021,McLaren Automotive ,Two Seaters,4.0,8,Auto(AM-S7),18,501
2021,McLaren Automotive ,Two Seaters,4.0,8,Auto(AM-S7),18,504
2021,Mercedes-Benz,Two Seaters,4.0,8,Auto(AM7),17,527
2021,Mercedes-Benz,Two Seaters,4.0,8,Auto(AM7),17,533
2021,Mercedes-Benz,Two Seaters,4.0,8,Auto(AM7),17,528
2021,Mercedes-Benz,Two Seaters,4.0,8,Auto(AM7),17,534
2021,Mercedes-Benz,Two Seaters,4.0,8,Auto(AM7),17,531
2021,Mercedes-Benz,Two Seaters,4.0,8,Auto(AM7),16,545
2021,Nissan,Two Seaters,3.7,6,Manual(M6),20,445
2021,Porsche,Two Seaters,2.0,4,Auto(AM-S7),24,375
2021,Porsche,Two Seaters,2.0,4,Manual(M6),22,394
2021,Porsche,Two Seaters,4.0,6,Auto(AM-S7),21,418
2021,Porsche,Two Seaters,4.0,6,Manual(M6),19,458
2021,Porsche,Two Seaters,2.5,4,Auto(AM-S7),22,410
2021,Porsche,Two Seaters,2.5,4,Manual(M6),21,423
2021,Porsche,Two Seaters,2.0,4,Auto(AM-S7),23,380
2021,Porsche,Two Seaters,2.0,4,Manual(M6),22,394
2021,Porsche,Two Seaters,2.0,4,Auto(AM-S7),24,375
2021,Porsche,Two Seaters,2.0,4,Manual(M6),22,394
2021,Porsche,Two Seaters,4.0,6,Auto(AM-S7),20,436
2021,Porsche,Two Seaters,4.0,6,Manual(M6),19,460
2021,Porsche,Two Seaters,4.0,6,Auto(AM-S7),21,418
2021,Porsche,Two Seaters,4.0,6,Manual(M6),19,458
2021,Porsche,Two Seaters,2.5,4,Auto(AM-S7),22,410
2021,Porsche,Two Seaters,2.5,4,Manual(M6),21,423
2021,Porsche,Two Seaters,2.0,4,Auto(AM-S7),23,380
2021,Porsche,Two Seaters,2.0,4,Manual(M6),22,394
2021,Porsche,Two Seaters,4.0,6,Auto(AM-S7),20,436
2021,Porsche,Two Seaters,4.0,6,Manual(M6),19,460
2021,BMW,Two Seaters,2.0,4,Auto(S8),28,321
2021,BMW,Two Seaters,3.0,6,Auto(S8),25,351
2021,aston martin,Minicompact Cars,5.2,12,Auto(S8),18,497
2021,aston martin,Minicompact Cars,4.0,8,Auto(S8),20,431
2021,aston martin,Minicompact Cars,5.2,12,Auto(S8),17,522
2021,Volkswagen Group of,Minicompact Cars,4.0,8,Auto(AM-S8),19,468
2021,Volkswagen Group of,Minicompact Cars,6.0,12,Auto(AM-S8),15,601
2021,Ferrari,Minicompact Cars,3.9,8,Auto(AM7),18,485
2021,Ferrari,Minicompact Cars,3.9,8,Auto(AM8),19,471
2021,Toyota,Minicompact Cars,5.0,8,Auto(S10),18,489
2021,Lotus,Minicompact Cars,3.5,6,Auto(S6),20,438
2021,Lotus,Minicompact Cars,3.5,6,Manual(M6),20,441
2021,BMW,Minicompact Cars,1.5,3,Auto(AM-S7),31,280
2021,BMW,Minicompact Cars,1.5,3,Manual(M6),30,292
2021,BMW,Minicompact Cars,2.0,4,Auto(AM-S7),29,307
2021,BMW,Minicompact Cars,2.0,4,Manual(M6),26,336
2021,BMW,Minicompact Cars,2.0,4,Auto(S8),28,313
2021,Porsche,Minicompact Cars,3.0,6,Auto(AM-S8),20,443
2021,Porsche,Minicompact Cars,3.0,6,Auto(AM-S8),20,442
2021,Porsche,Minicompact Cars,3.0,6,Auto(AM-S8),20,443
2021,Porsche,Minicompact Cars,3.0,6,Auto(AM-S8),20,443
2021,Porsche,Minicompact Cars,3.0,6,Manual(M7),20,442
2021,Porsche,Minicompact Cars,3.0,6,Auto(AM-S8),20,439
2021,Porsche,Minicompact Cars,3.0,6,Manual(M7),20,452
2021,Porsche,Minicompact Cars,3.0,6,Auto(AM-S8),20,443
2021,Porsche,Minicompact Cars,3.0,6,Auto(AM-S8),20,441
2021,Porsche,Minicompact Cars,3.0,6,Manual(M7),21,425
2021,Porsche,Minicompact Cars,3.0,6,Auto(AM-S8),20,439
2021,Porsche,Minicompact Cars,3.0,6,Manual(M7),20,443
2021,Porsche,Minicompact Cars,3.0,6,Auto(AM-S8),20,442
2021,Porsche,Minicompact Cars,3.0,6,Auto(AM-S8),20,442
2021,Porsche,Minicompact Cars,3.0,6,Manual(M7),20,447
2021,Porsche,Minicompact Cars,3.7,6,Auto(AM-S8),17,516
2021,Porsche,Minicompact Cars,3.7,6,Auto(AM-S8),17,521
2021,Porsche,Minicompact Cars,3.7,6,Auto(AM-S8),17,517
2021,Porsche,Minicompact Cars,3.7,6,Auto(AM-S8),17,529
2021,Volkswagen Group of,Subcompact Cars,2.0,4,Auto(AM-S7),26,341
2021,Volkswagen Group of,Subcompact Cars,2.0,4,Auto(AM-S7),27,331
2021,Volkswagen Group of,Subcompact Cars,2.9,6,Auto(S8),20,432
2021,Volkswagen Group of,Subcompact Cars,3.0,6,Auto(S8),23,380
2021,Volkswagen Group of,Subcompact Cars,3.0,6,Auto(S8),22,393
2021,Volkswagen Group of,Subcompact Cars,2.0,4,Auto(AM-S7),26,344
2021,Volkswagen Group of,Subcompact Cars,2.5,5,Auto(AM-S7),24,373
2021,Volkswagen Group of,Subcompact Cars,2.0,4,Auto(AM-S7),25,354
2021,Volkswagen Group of,Subcompact Cars,4.0,8,Auto(AM-S8),19,468
2021,Volkswagen Group of,Subcompact Cars,6.0,12,Auto(AM-S8),15,586
2021,BMW,Subcompact Cars,2.0,4,Auto(S8),27,333
2021,BMW,Subcompact Cars,2.0,4,Auto(S8),28,321
2021,BMW,Subcompact Cars,2.0,4,Manual(M6),25,356
2021,BMW,Subcompact Cars,2.0,4,Auto(S8),24,366
2021,BMW,Subcompact Cars,2.0,4,Auto(S8),24,366
2021,BMW,Subcompact Cars,2.0,4,Auto(S8),27,326
2021,BMW,Subcompact Cars,2.0,4,Auto(S8),29,304
2021,BMW,Subcompact Cars,2.0,4,Auto(S8),27,325
2021,BMW,Subcompact Cars,3.0,6,Auto(S8),25,360
2021,BMW,Subcompact Cars,3.0,6,Auto(S8),25,347
2021,BMW,Subcompact Cars,3.0,6,Auto(S8),23,387
2021,BMW,Subcompact Cars,3.0,6,Auto(S8),23,387
2021,BMW,Subcompact Cars,3.0,6,Auto(AM-S7),19,472
2021,BMW,Subcompact Cars,3.0,6,Manual(M6),20,440
2021,BMW,Subcompact Cars,3.0,6,Auto(S8),24,366
2021,BMW,Subcompact Cars,3.0,6,Manual(M6),21,410
2021,BMW,Subcompact Cars,3.0,6,Auto(S8),24,366
2021,BMW,Subcompact Cars,3.0,6,Manual(M6),21,410
2021,BMW,Subcompact Cars,3.0,6,Auto(S8),24,366
2021,BMW,Subcompact Cars,3.0,6,Auto(S8),24,366
2021,BMW,Subcompact Cars,3.0,6,Auto(S8),19,470
2021,BMW,Subcompact Cars,3.0,6,Manual(M6),19,472
2021,BMW,Subcompact Cars,3.0,6,Auto(S8),26,338
2021,BMW,Subcompact Cars,3.0,6,Auto(S8),25,346
2021,BMW,Subcompact Cars,4.4,8,Auto(S8),17,520
2021,BMW,Subcompact Cars,4.4,8,Auto(S8),17,520
2021,BMW,Subcompact Cars,4.4,8,Auto(S8),19,453
2021,BMW,Subcompact Cars,4.4,8,Auto(S8),20,439
2021,General Motors,Subcompact Cars,2.0,4,Auto(S8),25,358
2021,General Motors,Subcompact Cars,2.0,4,Manual(M6),22,397
2021,General Motors,Subcompact Cars,3.6,6,Auto(S10),22,404
2021,General Motors,Subcompact Cars,3.6,6,Manual(M6),20,453
2021,General Motors,Subcompact Cars,6.2,8,Auto(S10),16,571
2021,General Motors,Subcompact Cars,6.2,8,Auto(S10),20,452
2021,General Motors,Subcompact Cars,6.2,8,Manual(M6),19,477
2021,General Motors,Subcompact Cars,6.2,8,Manual(M6),16,564
2021,General Motors,Subcompact Cars,1.4,4,Auto(AV),33,266
2021,General Motors,Subcompact Cars,1.4,4,Manual(M5),33,273
2021,General Motors,Subcompact Cars,1.4,4,Auto(AV),33,266
2021,General Motors,Subcompact Cars,1.4,4,Manual(M5),32,278
2021,Ferrari,Subcompact Cars,3.9,8,Auto(AM8),19,472
2021,Ford Motor Company,Subcompact Cars,2.3,4,Auto(A10),25,354
2021,Ford Motor Company,Subcompact Cars,2.3,4,Auto(S10),25,356
2021,Ford Motor Company,Subcompact Cars,2.3,4,Manual(M6),24,373
2021,Ford Motor Company,Subcompact Cars,5.0,8,Auto(S10),19,479
2021,Ford Motor Company,Subcompact Cars,5.0,8,Manual(M6),18,490
2021,Ford Motor Company,Subcompact Cars,2.3,4,Auto(A10),23,387
2021,Ford Motor Company,Subcompact Cars,2.3,4,Auto(S10),23,387
2021,Ford Motor Company,Subcompact Cars,2.3,4,Manual(M6),23,386
2021,Ford Motor Company,Subcompact Cars,5.0,8,Auto(S10),18,493
2021,Ford Motor Company,Subcompact Cars,2.3,4,Auto(S10),22,404
2021,Ford Motor Company,Subcompact Cars,2.3,4,Manual(M6),21,415
2021,Ford Motor Company,Subcompact Cars,2.3,4,Auto(S10),23,386
2021,Ford Motor Company,Subcompact Cars,2.3,4,Manual(M6),22,397
2021,Ford Motor Company,Subcompact Cars,5.0,8,Auto(S10),18,494
2021,Ford Motor Company,Subcompact Cars,5.0,8,Manual(M6),17,523
2021,Ford Motor Company,Subcompact Cars,5.2,8,Auto(AM7),14,631
2021,Nissan,Subcompact Cars,3.0,6,Auto(S7),22,404
2021,Nissan,Subcompact Cars,3.0,6,Auto(S7),22,403
2021,Nissan,Subcompact Cars,3.0,6,Auto(S7),21,423
2021,Nissan,Subcompact Cars,3.0,6,Auto(S7),22,405
2021,Toyota,Subcompact Cars,5.0,8,Auto(S10),19,473
2021,Toyota,Subcompact Cars,3.5,6,Auto(AV-S10),29,303
2021,Toyota,Subcompact Cars,2.0,4,Auto(S8),25,357
2021,Toyota,Subcompact Cars,3.5,6,Auto(S6),22,407
2021,Toyota,Subcompact Cars,3.5,6,Auto(S8),23,385
2021,Toyota,Subcompact Cars,3.5,6,Auto(S6),22,407
2021,Toyota,Subcompact Cars,5.0,8,Auto(S8),19,459
2021,Mercedes-Benz,Subcompact Cars,2.0,4,Auto(AM7),29,309
2021,Mercedes-Benz,Subcompact Cars,2.0,4,Auto(AM7),28,316
2021,Mercedes-Benz,Subcompact Cars,2.0,4,Auto(AM7),25,360
2021,Mercedes-Benz,Subcompact Cars,3.0,6,Auto(A9),22,404
2021,Mercedes-Benz,Subcompact Cars,3.0,6,Auto(A9),22,409
2021,Mercedes-Benz,Subcompact Cars,4.0,8,Auto(A9),20,452
2021,Mercedes-Benz,Subcompact Cars,4.0,8,Auto(A9),20,440
2021,Mercedes-Benz,Subcompact Cars,4.0,8,Auto(A9),20,452
2021,Mercedes-Benz,Subcompact Cars,4.0,8,Auto(A9),20,440
2021,Mercedes-Benz,Subcompact Cars,3.0,6,Auto(A9),23,384
2021,Mercedes-Benz,Subcompact Cars,3.0,6,Auto(A9),24,378
2021,Mercedes-Benz,Subcompact Cars,4.0,8,Auto(A9),17,510
2021,Mercedes-Benz,Subcompact Cars,2.0,4,Auto(A9),26,347
2021,Mercedes-Benz,Subcompact Cars,2.0,4,Auto(A9),27,330
2021,Mercedes-Benz,Subcompact Cars,2.0,4,Auto(A9),25,359
2021,Mercedes-Benz,Subcompact Cars,2.0,4,Auto(A9),26,338
2021,Mercedes-Benz,Subcompact Cars,3.0,6,Auto(A9),25,349
2021,Mercedes-Benz,Subcompact Cars,3.0,6,Auto(A9),26,341
2021,Mercedes-Benz,Subcompact Cars,3.0,6,Auto(A9),25,353
2021,Mercedes-Benz,Subcompact Cars,3.0,6,Auto(A9),25,350
2021,Mercedes-Benz,Subcompact Cars,4.0,8,Auto(A9),20,454
2021,BMW,Subcompact Cars,1.5,3,Auto(AM-S7),31,280
2021,BMW,Subcompact Cars,1.5,3,Manual(M6),30,292
2021,BMW,Subcompact Cars,1.5,3,Auto(AM-S7),31,280
2021,BMW,Subcompact Cars,1.5,3,Manual(M6),30,292
2021,BMW,Subcompact Cars,2.0,4,Auto(AM-S7),30,299
2021,BMW,Subcompact Cars,2.0,4,Manual(M6),27,329
2021,BMW,Subcompact Cars,2.0,4,Auto(AM-S7),30,299
2021,BMW,Subcompact Cars,2.0,4,Manual(M6),27,329
2021,BMW,Subcompact Cars,2.0,4,Auto(S8),26,334
2021,BMW,Subcompact Cars,2.0,4,Auto(S8),29,305
2021,BMW,Subcompact Cars,2.0,4,Manual(M6),27,329
2021,Nissan,Subcompact Cars,3.8,6,Auto(AM-S6),18,482
2021,Roush,Subcompact Cars,5.0,8,Auto(S10),15,606
2021,Roush,Subcompact Cars,5.0,8,Manual(M6),14,618
2021,Honda,Compact Cars,2.4,4,Auto(AM-S8),28,316
2021,Honda,Compact Cars,2.0,4,Auto(S10),24,369
2021,Honda,Compact Cars,2.0,4,Auto(S10),24,371
2021,Honda,Compact Cars,2.0,4,Auto(S10),25,352
2021,Honda,Compact Cars,2.0,4,Auto(S10),25,357
2021,Honda,Compact Cars,3.0,6,Auto(S10),21,420
2021,Honda,Compact Cars,3.0,6,Auto(S10),21,421
2021,Volkswagen Group of,Compact Cars,2.0,4,Auto(AM-S7),28,311
2021,Volkswagen Group of,Compact Cars,2.0,4,Auto(AM-S7),27,331
2021,Volkswagen Group of,Compact Cars,3.0,6,Auto(S8),23,380
2021,BMW,Compact Cars,2.0,4,Auto(S8),28,319
2021,BMW,Compact Cars,2.0,4,Auto(S8),27,332
2021,BMW,Compact Cars,2.0,4,Auto(S8),30,298
2021,BMW,Compact Cars,2.0,4,Auto(S8),28,313
2021,BMW,Compact Cars,2.0,4,Auto(S8),26,335
2021,BMW,Compact Cars,3.0,6,Manual(M6),19,472
2021,BMW,Compact Cars,3.0,6,Auto(S8),19,470
2021,BMW,Compact Cars,3.0,6,Auto(S8),26,333
2021,BMW,Compact Cars,3.0,6,Auto(S8),25,346
2021,General Motors,Compact Cars,2.0,4,Auto(S8),27,327
2021,General Motors,Compact Cars,2.7,4,Auto(S10),25,356
2021,General Motors,Compact Cars,2.0,4,Auto(S8),26,343
2021,General Motors,Compact Cars,2.7,4,Auto(S10),24,374
2021,General Motors,Compact Cars,2.7,4,Auto(S10),23,384
2021,General Motors,Compact Cars,2.7,4,Auto(S10),23,385
2021,Hyundai,Compact Cars,2.0,4,Auto(S8),23,386
2021,Hyundai,Compact Cars,3.3,6,Auto(S8),20,457
2021,Hyundai,Compact Cars,2.0,4,Auto(S8),25,357
2021,Hyundai,Compact Cars,2.0,4,Manual(M6),22,410
2021,Hyundai,Compact Cars,3.3,6,Auto(S8),20,447
2021,Honda,Compact Cars,1.5,4,Auto(AV),48,184
2021,Hyundai,Compact Cars,1.6,4,Auto(AV-S1),36,248
2021,Hyundai,Compact Cars,1.6,4,Manual(M6),33,273
2021,Hyundai,Compact Cars,1.6,4,Auto(AM7),30,296
2021,Hyundai,Compact Cars,1.6,4,Manual(M6),29,308
2021,Hyundai,Compact Cars,2.0,4,Auto(S6),30,299
2021,Hyundai,Compact Cars,2.0,4,Manual(M6),28,317
2021,Hyundai,Compact Cars,2.0,4,Auto(AM-S8),22,400
2021,Hyundai,Compact Cars,2.0,4,Manual(M6),25,363
2021,Jaguar Land Rover L,Compact Cars,2.0,4,Auto(S8),28,312
2021,Jaguar Land Rover L,Compact Cars,2.0,4,Auto(S8),28,321
2021,Jaguar Land Rover L,Compact Cars,2.0,4,Auto(S8),25,354
2021,Kia,Compact Cars,1.6,4,Auto(AV-S1),36,249
2021,Toyota,Compact Cars,2.0,4,Auto(S8),25,357
2021,Toyota,Compact Cars,3.5,6,Auto(S6),22,407
2021,Toyota,Compact Cars,3.5,6,Auto(S8),23,385
2021,Toyota,Compact Cars,3.5,6,Auto(S6),22,407
2021,Toyota,Compact Cars,2.0,4,Auto(AV-S6),42,209
2021,Toyota,Compact Cars,2.0,4,Auto(AV-S6),39,225
2021,MAZDA,Compact Cars,2.0,4,Auto(S6),31,289
2021,MAZDA,Compact Cars,2.0,4,Auto(S6),29,303
2021,MAZDA,Compact Cars,1.5,4,Auto(S6),35,253
2021,MAZDA,Compact Cars,1.5,4,Manual(M6),34,264
2021,MAZDA,Compact Cars,2.0,4,Auto(S6),31,287
2021,MAZDA,Compact Cars,2.5,4,Auto(S6),30,303
2021,MAZDA,Compact Cars,2.5,4,Auto(S6),30,299
2021,MAZDA,Compact Cars,2.5,4,Auto(S6),27,334
2021,MAZDA,Compact Cars,2.5,4,Auto(S6),28,313
2021,MAZDA,Compact Cars,2.5,4,Auto(S6),28,320
2021,Mercedes-Benz,Compact Cars,3.0,6,Auto(A9),21,428
2021,Mercedes-Benz,Compact Cars,4.0,8,Auto(A9),21,433
2021,Mercedes-Benz,Compact Cars,4.0,8,Auto(A9),21,433
2021,Mercedes-Benz,Compact Cars,2.0,4,Auto(AM7),25,360
2021,Mercedes-Benz,Compact Cars,2.0,4,Auto(AM8),23,390
2021,Mercedes-Benz,Compact Cars,3.0,6,Auto(A9),23,389
2021,Mercedes-Benz,Compact Cars,3.0,6,Auto(A9),22,410
2021,Mercedes-Benz,Compact Cars,3.0,6,Auto(A9),22,410
2021,Mercedes-Benz,Compact Cars,4.0,8,Auto(A9),18,502
2021,Mercedes-Benz,Compact Cars,4.0,8,Auto(A9),18,502
2021,Mercedes-Benz,Compact Cars,4.0,8,Auto(A9),19,471
2021,Mercedes-Benz,Compact Cars,2.0,4,Auto(A9),27,324
2021,Mercedes-Benz,Compact Cars,2.0,4,Auto(A9),27,329
2021,Mercedes-Benz,Compact Cars,2.0,4,Auto(AM7),29,306
2021,Mercedes-Benz,Compact Cars,2.0,4,Auto(AM7),27,324
2021,Mercedes-Benz,Compact Cars,3.0,6,Auto(A9),26,347
2021,Mercedes-Benz,Compact Cars,3.0,6,Auto(A9),25,357
2021,Mercedes-Benz,Compact Cars,4.0,8,Auto(A9),20,454
2021,Mitsubishi Motors Co,Compact Cars,1.2,3,Auto(AV),39,225
2021,Mitsubishi Motors Co,Compact Cars,1.2,3,Manual(M5),36,242
2021,Mitsubishi Motors Co,Compact Cars,1.2,3,Auto(AV),37,238
2021,Mitsubishi Motors Co,Compact Cars,1.2,3,Manual(M5),35,252
2021,Nissan,Compact Cars,1.6,4,Auto(AV),35,254
2021,Nissan,Compact Cars,1.6,4,Manual(M5),30,296
2021,Rolls-Royce,Compact Cars,6.6,12,Auto(S8),14,632
2021,Rolls-Royce,Compact Cars,6.6,12,Auto(S8),14,632
2021,Subaru,Compact Cars,2.0,4,Auto(AV-S8),21,432
2021,Subaru,Compact Cars,2.0,4,Manual(M6),23,390
2021,Subaru,Compact Cars,2.5,4,Manual(M6),18,483
2021,Toyota,Compact Cars,2.0,4,Auto(AV-S7),29,305
2021,Toyota,Compact Cars,1.8,4,Auto(AV),33,267
2021,Toyota,Compact Cars,1.8,4,Manual(M6),33,271
2021,Toyota,Compact Cars,2.0,4,Auto(AV-S10),34,257
2021,Toyota,Compact Cars,2.0,4,Manual(M6),32,277
2021,Toyota,Compact Cars,2.0,4,Auto(AV-S10),34,264
2021,Toyota,Compact Cars,2.0,4,Manual(M6),31,286
2021,Toyota,Compact Cars,2.0,4,Auto(AV-S10),35,251
2021,Toyota,Compact Cars,2.0,4,Manual(M6),31,284
2021,Toyota,Compact Cars,2.0,4,Auto(AV-S10),33,266
2021,Toyota,Compact Cars,1.8,4,Auto(AV),52,170
2021,Toyota,Compact Cars,1.8,4,Auto(AV),32,274
2021,Toyota,Compact Cars,2.0,4,Auto(AV-S10),34,265
2021,Volkswagen Group of,Compact Cars,1.4,4,Auto(S8),32,279
2021,Volkswagen Group of,Compact Cars,1.4,4,Manual(M6),33,267
2021,Volkswagen Group of,Compact Cars,2.0,4,Auto(AM-S7),27,324
2021,Volkswagen Group of,Compact Cars,2.0,4,Manual(M6),26,343
2021,Volkswagen Group of,Compact Cars,1.4,4,Auto(S8),33,266
2021,Volkswagen Group of,Compact Cars,1.4,4,Manual(M6),34,260
2021,Volkswagen Group of,Compact Cars,2.0,4,Auto(AM-S7),28,314
2021,Volkswagen Group of,Compact Cars,2.0,4,Manual(M6),28,319
2021,Volvo,Compact Cars,2.0,4,Auto(S8),26,345
2021,Volvo,Compact Cars,2.0,4,Auto(S8),25,352
2021,Volvo,Compact Cars,2.0,4,Auto(S8),27,322
2021,FCA US LLC,Midsize Cars,2.0,4,Auto(A8),27,330
2021,FCA US LLC,Midsize Cars,2.9,6,Auto(A8),20,436
2021,FCA US LLC,Midsize Cars,2.0,4,Auto(A8),26,348
2021,Volkswagen Group of,Midsize Cars,2.0,4,Auto(AM-S7),28,311
2021,Volkswagen Group of,Midsize Cars,2.0,4,Auto(AM-S7),27,331
2021,Volkswagen Group of,Midsize Cars,2.0,4,Auto(AM-S7),26,341
2021,Volkswagen Group of,Midsize Cars,3.0,6,Auto(AM-S7),24,364
2021,Volkswagen Group of,Midsize Cars,3.0,6,Auto(AM-S7),24,364
2021,Volkswagen Group of,Midsize Cars,2.9,6,Auto(S8),21,428
2021,Volkswagen Group of,Midsize Cars,4.0,8,Auto(S8),17,507
2021,Volkswagen Group of,Midsize Cars,3.0,6,Auto(S8),23,380
2021,Volkswagen Group of,Midsize Cars,2.9,6,Auto(S8),22,410
2021,Volkswagen Group of,Midsize Cars,2.9,6,Auto(S8),22,410
2021,Volkswagen Group of,Midsize Cars,4.0,8,Auto(AM-S8),17,520
2021,Volkswagen Group of,Midsize Cars,6.0,12,Auto(AM-S8),15,601
2021,BMW,Midsize Cars,2.0,4,Auto(S8),28,313
2021,BMW,Midsize Cars,2.0,4,Auto(S8),27,330
2021,BMW,Midsize Cars,3.0,6,Auto(S8),27,322
2021,BMW,Midsize Cars,3.0,6,Auto(S8),26,337
2021,BMW,Midsize Cars,3.0,6,Auto(S8),25,360
2021,BMW,Midsize Cars,3.0,6,Auto(S8),23,387
2021,BMW,Midsize Cars,4.4,8,Auto(S8),17,520
2021,BMW,Midsize Cars,4.4,8,Auto(S8),17,520
2021,BMW,Midsize Cars,4.4,8,Auto(S8),20,439
2021,BMW,Midsize Cars,4.4,8,Auto(S8),17,520
2021,BMW,Midsize Cars,4.4,8,Auto(S8),17,520
2021,BMW,Midsize Cars,4.4,8,Auto(S8),19,453
2021,BMW,Midsize Cars,2.0,4,Auto(S8),26,339
2021,BMW,Midsize Cars,2.0,4,Auto(S8),27,330
2021,BMW,Midsize Cars,2.0,4,Auto(S8),27,331
2021,General Motors,Midsize Cars,2.0,4,Auto(S10),26,337
2021,General Motors,Midsize Cars,3.0,6,Auto(S10),22,404
2021,General Motors,Midsize Cars,2.0,4,Auto(S10),25,389
2021,General Motors,Midsize Cars,3.0,6,Auto(S10),21,419
2021,General Motors,Midsize Cars,3.0,6,Auto(S10),21,423
2021,General Motors,Midsize Cars,3.0,6,Auto(S10),21,419
2021,General Motors,Midsize Cars,1.5,4,Auto(AV),32,273
2021,General Motors,Midsize Cars,2.0,4,Auto(A9),26,342
2021,FCA US LLC,Midsize Cars,3.6,6,Auto(A8),23,389
2021,FCA US LLC,Midsize Cars,5.7,8,Auto(A8),19,466
2021,FCA US LLC,Midsize Cars,5.7,8,Manual(M6),18,494
2021,FCA US LLC,Midsize Cars,6.4,8,Auto(A8),18,496
2021,FCA US LLC,Midsize Cars,6.4,8,Manual(M6),17,523
2021,FCA US LLC,Midsize Cars,3.6,6,Auto(A8),21,415
2021,FCA US LLC,Midsize Cars,6.2,8,Auto(A8),16,546
2021,FCA US LLC,Midsize Cars,6.2,8,Manual(M6),16,567
2021,FCA US LLC,Midsize Cars,6.2,8,Auto(A8),15,575
2021,FCA US LLC,Midsize Cars,6.2,8,Manual(M6),16,567
2021,FCA US LLC,Midsize Cars,6.4,8,Auto(A8),18,496
2021,FCA US LLC,Midsize Cars,6.4,8,Manual(M6),17,523
2021,Honda,Midsize Cars,1.5,4,Auto(AV),36,248
2021,Honda,Midsize Cars,1.5,4,Auto(AV-S7),33,266
2021,Honda,Midsize Cars,2.0,4,Auto(AV),33,268
2021,Honda,Midsize Cars,2.0,4,Auto(AV-S7),32,277
2021,Honda,Midsize Cars,1.5,4,Auto(AV),52,170
2021,Hyundai,Midsize Cars,1.6,4,Auto(AM-S7),31,288
2021,Hyundai,Midsize Cars,1.6,4,Manual(M6),28,318
2021,Hyundai,Midsize Cars,2.0,4,Auto(AV-S1),37,244
2021,Hyundai,Midsize Cars,2.0,4,Auto(AV-S1),35,257
2021,Hyundai,Midsize Cars,1.6,4,Auto(AM-S6),50,177
2021,Hyundai,Midsize Cars,1.6,4,Auto(AM-S6),54,165
2021,Hyundai,Midsize Cars,1.6,4,Auto(AV-S1),31,287
2021,Nissan,Midsize Cars,3.0,6,Auto(S7),23,388
2021,Nissan,Midsize Cars,3.0,6,Auto(S7),22,403
2021,Nissan,Midsize Cars,3.0,6,Auto(S7),22,411
2021,Nissan,Midsize Cars,3.0,6,Auto(S7),22,403
2021,Jaguar Land Rover L,Midsize Cars,2.0,4,Auto(S8),28,317
2021,Jaguar Land Rover L,Midsize Cars,2.0,4,Auto(S8),26,336
2021,Jaguar Land Rover L,Midsize Cars,2.0,4,Auto(S8),25,352
2021,Kia,Midsize Cars,1.6,4,Auto(AM-S7),30,296
2021,Kia,Midsize Cars,1.6,4,Manual(M6),28,326
2021,Kia,Midsize Cars,2.0,4,Auto(AV),33,270
2021,Kia,Midsize Cars,2.0,4,Manual(M6),31,290
2021,Kia,Midsize Cars,2.0,4,Auto(AV),35,256
2021,Kia,Midsize Cars,2.0,4,Auto(S8),24,368
2021,Kia,Midsize Cars,3.3,6,Auto(S8),20,449
2021,Kia,Midsize Cars,2.0,4,Auto(S8),25,365
2021,Kia,Midsize Cars,3.3,6,Auto(S8),20,446
2021,Toyota,Midsize Cars,2.5,4,Auto(S8),28,315
2021,Toyota,Midsize Cars,2.5,4,Auto(AV-S6),44,202
2021,Toyota,Midsize Cars,3.5,6,Auto(S8),26,346
2021,Toyota,Midsize Cars,3.5,6,Auto(S8),25,352
2021,Toyota,Midsize Cars,3.4,6,Auto(S10),22,399
2021,Toyota,Midsize Cars,3.4,6,Auto(S10),21,432
2021,Toyota,Midsize Cars,3.5,6,Auto(AV-S10),28,314
2021,Toyota,Midsize Cars,3.5,6,Auto(AV-S10),26,343
2021,Toyota,Midsize Cars,2.0,4,Auto(AV-S10),32,271
2021,Maserati,Midsize Cars,3.0,6,Auto(A8),20,446
2021,Maserati,Midsize Cars,3.0,6,Auto(A8),20,446
2021,Maserati,Midsize Cars,3.0,6,Auto(A8),19,472
2021,Maserati,Midsize Cars,3.8,8,Auto(A8),16,560
2021,MAZDA,Midsize Cars,2.5,4,Auto(S6),29,304
2021,MAZDA,Midsize Cars,2.5,4,Manual(M6),27,323
2021,MAZDA,Midsize Cars,2.5,4,Auto(S6),26,337
2021,MAZDA,Midsize Cars,2.5,4,Auto(S6),27,326
2021,MAZDA,Midsize Cars,2.5,4,Auto(S6),26,335
2021,MAZDA,Midsize Cars,2.5,4,Auto(S6),29,302
2021,Mercedes-Benz,Midsize Cars,4.0,8,Auto(A9),18,484
2021,Mercedes-Benz,Midsize Cars,3.0,6,Auto(A9),25,361
2021,Mercedes-Benz,Midsize Cars,2.0,4,Auto(A9),25,349
2021,Mercedes-Benz,Midsize Cars,2.0,4,Auto(A9),25,355
2021,Mercedes-Benz,Midsize Cars,3.0,6,Auto(A9),26,349
2021,BMW,Midsize Cars,1.5,3,Auto(AM-S7),29,306
2021,BMW,Midsize Cars,1.5,3,Auto(S8),27,330
2021,BMW,Midsize Cars,2.0,4,Auto(AM-S7),29,304
2021,BMW,Midsize Cars,2.0,4,Manual(M6),26,343
2021,BMW,Midsize Cars,2.0,4,Auto(S8),26,333
2021,BMW,Midsize Cars,2.0,4,Auto(AM-S7),28,321
2021,BMW,Midsize Cars,2.0,4,Auto(S8),26,341
2021,BMW,Midsize Cars,2.0,4,Auto(S8),26,343
2021,BMW,Midsize Cars,2.0,4,Auto(S8),26,339
2021,Nissan,Midsize Cars,2.5,4,Auto(AV),32,281
2021,Nissan,Midsize Cars,2.5,4,Auto(AV),30,295
2021,Nissan,Midsize Cars,2.5,4,Auto(AV),29,309
2021,Nissan,Midsize Cars,2.5,4,Auto(AV),31,290
2021,Nissan,Midsize Cars,2.0,4,Auto(AV),29,311
2021,Nissan,Midsize Cars,2.5,4,Auto(AV),31,289
2021,Nissan,Midsize Cars,1.6,4,Auto(AV),33,269
2021,Nissan,Midsize Cars,3.5,6,Auto(AV-S7),24,370
2021,Nissan,Midsize Cars,2.0,4,Auto(AV),33,268
2021,Nissan,Midsize Cars,2.0,4,Auto(AV),32,283
2021,Rolls-Royce,Midsize Cars,6.6,12,Auto(S8),14,624
2021,Rolls-Royce,Midsize Cars,6.6,12,Auto(S8),14,624
2021,Subaru,Midsize Cars,2.0,4,Auto(AV-S7),32,281
2021,Subaru,Midsize Cars,2.0,4,Manual(M5),26,337
2021,Subaru,Midsize Cars,2.0,4,Auto(AV-S7),30,291
2021,Toyota,Midsize Cars,3.5,6,Auto(S8),25,352
2021,Toyota,Midsize Cars,2.5,4,Auto(S8),28,315
2021,Toyota,Midsize Cars,2.5,4,Auto(AV-S6),43,203
2021,Toyota,Midsize Cars,2.5,4,Auto(AV-S6),44,201
2021,Toyota,Midsize Cars,3.5,6,Auto(S8),25,361
2021,Toyota,Midsize Cars,3.5,6,Auto(S8),26,341
2021,Toyota,Midsize Cars,3.5,6,Auto(S8),26,338
2021,Toyota,Midsize Cars,2.5,4,Auto(S8),29,309
2021,Toyota,Midsize Cars,2.5,4,Auto(S8),28,315
2021,Toyota,Midsize Cars,2.5,4,Auto(AV-S6),52,170
2021,Toyota,Midsize Cars,2.5,4,Auto(AV-S6),46,195
2021,Toyota,Midsize Cars,2.5,4,Auto(S8),32,279
2021,Toyota,Midsize Cars,3.5,6,Auto(S8),25,354
2021,Toyota,Midsize Cars,2.5,4,Auto(S8),31,284
2021,Toyota,Midsize Cars,3.5,6,Auto(S8),26,345
2021,Toyota,Midsize Cars,1.8,4,Auto(AV),52,170
2021,Toyota,Midsize Cars,1.8,4,Auto(AV),49,179
2021,Toyota,Midsize Cars,1.8,4,Auto(AV),56,158
2021,Volkswagen Group of,Midsize Cars,2.0,4,Auto(S6),28,314
2021,Volvo,Midsize Cars,2.0,4,Auto(S8),25,356
2021,Volkswagen Group of,Large Cars,3.0,6,Auto(S8),21,430
2021,Volkswagen Group of,Large Cars,4.0,8,Auto(S8),18,495
2021,Volkswagen Group of,Large Cars,4.0,8,Auto(S8),16,545
2021,BMW,Large Cars,3.0,6,Auto(S8),25,360
2021,BMW,Large Cars,3.0,6,Auto(S8),23,387
2021,BMW,Large Cars,4.4,8,Auto(S8),19,456
2021,BMW,Large Cars,4.4,8,Auto(S8),19,456
2021,BMW,Large Cars,6.6,12,Auto(S8),16,570
2021,BMW,Large Cars,2.0,4,Auto(S8),27,327
2021,BMW,Large Cars,2.0,4,Auto(S8),26,342
2021,FCA US LLC,Large Cars,3.6,6,Auto(A8),23,389
2021,FCA US LLC,Large Cars,5.7,8,Auto(A8),19,466
2021,FCA US LLC,Large Cars,3.6,6,Auto(A8),21,415
2021,FCA US LLC,Large Cars,3.6,6,Auto(A8),23,389
2021,FCA US LLC,Large Cars,5.7,8,Auto(A8),19,466
2021,FCA US LLC,Large Cars,6.4,8,Auto(A8),18,496
2021,FCA US LLC,Large Cars,3.6,6,Auto(A8),21,415
2021,FCA US LLC,Large Cars,6.2,8,Auto(A8),15,592
2021,FCA US LLC,Large Cars,6.4,8,Auto(A8),18,496
2021,Hyundai,Large Cars,2.5,4,Auto(S8),25,360
2021,Hyundai,Large Cars,3.5,6,Auto(S8),21,422
2021,Hyundai,Large Cars,2.5,4,Auto(S8),26,345
2021,Hyundai,Large Cars,3.5,6,Auto(S8),22,410
2021,Hyundai,Large Cars,3.3,6,Auto(S8),20,460
2021,Hyundai,Large Cars,5.0,8,Auto(S8),18,488
2021,Hyundai,Large Cars,3.3,6,Auto(S8),19,459
2021,Hyundai,Large Cars,5.0,8,Auto(S8),19,481
2021,Honda,Large Cars,1.5,4,Auto(AV),33,268
2021,Honda,Large Cars,2.0,4,Auto(AV),48,183
2021,Honda,Large Cars,1.5,4,Auto(AV-S7),32,278
2021,Honda,Large Cars,2.0,4,Auto(AV),43,207
2021,Honda,Large Cars,2.0,4,Auto(S10),26,345
2021,Honda,Large Cars,1.5,4,Auto(AV),34,259
2021,Honda,Large Cars,1.5,4,Auto(AV-S7),32,279
2021,Honda,Large Cars,1.5,4,Manual(M6),32,274
2021,Honda,Large Cars,2.0,4,Manual(M6),25,358
2021,Hyundai,Large Cars,1.6,4,Auto(AM-S6),55,162
2021,Hyundai,Large Cars,1.6,4,Auto(AM-S6),59,151
2021,Hyundai,Large Cars,1.6,4,Auto(S8),30,293
2021,Hyundai,Large Cars,2.5,4,Auto(AM-S8),27,335
2021,Hyundai,Large Cars,2.5,4,Auto(S8),32,282
2021,Hyundai,Large Cars,2.5,4,Auto(S8),31,293
2021,Hyundai,Large Cars,2.0,4,Auto(AM-S6),47,189
2021,Hyundai,Large Cars,2.0,4,Auto(AM-S6),52,172
2021,Kia,Large Cars,1.6,4,Auto(S8),32,277
2021,Kia,Large Cars,1.6,4,Auto(S8),31,291
2021,Kia,Large Cars,2.5,4,Auto(AM-S8),27,332
2021,Kia,Large Cars,1.6,4,Auto(S8),29,312
2021,Maserati,Large Cars,3.0,6,Auto(A8),19,468
2021,Maserati,Large Cars,3.0,6,Auto(A8),19,472
2021,Maserati,Large Cars,3.8,8,Auto(A8),16,560
2021,Mercedes-Benz,Large Cars,3.0,6,Auto(A9),24,372
2021,Mercedes-Benz,Large Cars,4.0,8,Auto(A9),20,452
2021,Mercedes-Benz,Large Cars,4.0,8,Auto(A9),19,469
2021,Porsche,Large Cars,2.9,6,Auto(AM-S8),20,441
2021,Porsche,Large Cars,2.9,6,Auto(AM-S8),20,441
2021,Porsche,Large Cars,2.9,6,Auto(AM-S8),19,465
2021,Porsche,Large Cars,2.9,6,Auto(AM-S8),20,441
2021,Porsche,Large Cars,2.9,6,Auto(AM-S8),20,445
2021,Porsche,Large Cars,2.9,6,Auto(AM-S8),19,469
2021,Porsche,Large Cars,2.9,6,Auto(AM-S8),19,469
2021,Porsche,Large Cars,4.0,8,Auto(AM-S8),17,520
2021,Porsche,Large Cars,4.0,8,Auto(AM-S8),17,520
2021,Porsche,Large Cars,4.0,8,Auto(AM-S8),17,525
2021,Porsche,Large Cars,4.0,8,Auto(AM-S8),17,525
2021,Porsche,Large Cars,4.0,8,Auto(AM-S8),17,525
2021,Rolls-Royce,Large Cars,6.7,12,Auto(S8),14,623
2021,Rolls-Royce,Large Cars,6.7,12,Auto(S8),14,623
2021,Rolls-Royce,Large Cars,6.7,12,Auto(S8),14,615
2021,Rolls-Royce,Large Cars,6.7,12,Auto(S8),14,615
2021,Subaru,Large Cars,2.4,4,Auto(AV-S8),27,330
2021,Subaru,Large Cars,2.5,4,Auto(AV-S8),30,295
2021,Volkswagen Group of,Large Cars,2.0,4,Auto(S8),25,347
2021,Volkswagen Group of,Large Cars,2.0,4,Auto(S8),24,370
2021,Volkswagen Group of,Small Station Wagons,2.0,4,Auto(AM-S7),26,335
2021,Honda,Small Station Wagons,1.8,4,Auto(AV),29,311
2021,Honda,Small Station Wagons,1.8,4,Auto(AV-S7),28,315
2021,Honda,Small Station Wagons,1.8,4,Auto(AV),30,292
2021,Honda,Small Station Wagons,1.8,4,Auto(AV-S7),30,292
2021,Kia,Small Station Wagons,1.6,4,Auto(AM-S6),49,183
2021,Kia,Small Station Wagons,1.6,4,Auto(AM-S6),50,179
2021,Kia,Small Station Wagons,1.6,4,Auto(AM-S6),43,208
2021,Kia,Small Station Wagons,1.6,4,Auto(AM-S7),29,309
2021,Kia,Small Station Wagons,2.0,4,Auto(AV),30,302
2021,Kia,Small Station Wagons,2.0,4,Manual(M6),27,332
2021,Kia,Small Station Wagons,2.0,4,Auto(AV),31,287
2021,Mercedes-Benz,Small Station Wagons,2.0,4,Auto(AM8),25,353
2021,Mercedes-Benz,Small Station Wagons,2.0,4,Auto(AM8),23,392
2021,Nissan,Small Station Wagons,2.0,4,Auto(AV-S8),28,318
2021,Nissan,Small Station Wagons,2.0,4,Auto(AV-S8),27,330
2021,Subaru,Small Station Wagons,2.0,4,Auto(AV-S7),31,284
2021,Subaru,Small Station Wagons,2.0,4,Manual(M5),26,335
2021,Subaru,Small Station Wagons,2.0,4,Auto(AV-S7),30,292
2021,Subaru,Small Station Wagons,2.0,4,Manual(M5),25,351
2021,Volvo,Small Station Wagons,2.0,4,Auto(S8),25,354
2021,Volvo,Small Station Wagons,2.0,4,Auto(S8),27,322
2021,Volkswagen Group of,Midsize Station Wagons,3.0,6,Auto(AM-S7),22,398
2021,Volkswagen Group of,Midsize Station Wagons,4.0,8,Auto(S8),17,514
2021,Mercedes-Benz,Midsize Station Wagons,4.0,8,Auto(A9),18,483
2021,Mercedes-Benz,Midsize Station Wagons,2.0,4,Auto(AM8),23,381
2021,Mercedes-Benz,Midsize Station Wagons,3.0,6,Auto(A9),24,364
2021,Nissan,Midsize Station Wagons,3.5,6,Auto(AV-S7),23,390
2021,Nissan,Midsize Station Wagons,3.5,6,Auto(AV-S7),23,387
2021,Rolls-Royce,Midsize Station Wagons,6.7,12,Auto(S8),14,618
2021,Rolls-Royce,Midsize Station Wagons,6.7,12,Auto(S8),14,618
2021,Volvo,Midsize Station Wagons,2.0,4,Auto(S8),25,356
2021,Volvo,Midsize Station Wagons,2.0,4,Auto(S8),24,373
2021,Volvo,Midsize Station Wagons,2.0,4,Auto(S8),26,339
2021,General Motors,Small Pick-up Trucks 2WD,2.5,4,Auto(A6),22,413
2021,General Motors,Small Pick-up Trucks 2WD,2.8,4,Auto(A6),23,435
2021,General Motors,Small Pick-up Trucks 2WD,3.6,6,Auto(A8),21,424
2021,General Motors,Small Pick-up Trucks 2WD,2.5,4,Auto(A6),22,413
2021,General Motors,Small Pick-up Trucks 2WD,2.8,4,Auto(A6),23,435
2021,General Motors,Small Pick-up Trucks 2WD,3.6,6,Auto(A8),21,424
2021,Toyota,Small Pick-up Trucks 2WD,2.7,4,Auto(S6),21,423
2021,Toyota,Small Pick-up Trucks 2WD,3.5,6,Auto(S6),21,431
2021,General Motors,Small Pick-up Trucks 4WD,2.5,4,Auto(A6),21,431
2021,General Motors,Small Pick-up Trucks 4WD,2.8,4,Auto(A6),22,455
2021,General Motors,Small Pick-up Trucks 4WD,3.6,6,Auto(A8),19,465
2021,General Motors,Small Pick-up Trucks 4WD,2.8,4,Auto(A6),19,525
2021,General Motors,Small Pick-up Trucks 4WD,3.6,6,Auto(A8),17,510
2021,General Motors,Small Pick-up Trucks 4WD,2.5,4,Auto(A6),21,431
2021,General Motors,Small Pick-up Trucks 4WD,2.8,4,Auto(A6),22,455
2021,General Motors,Small Pick-up Trucks 4WD,3.6,6,Auto(A8),18,494
2021,Toyota,Small Pick-up Trucks 4WD,2.7,4,Auto(S6),20,441
2021,Toyota,Small Pick-up Trucks 4WD,3.5,6,Auto(S6),20,448
2021,Toyota,Small Pick-up Trucks 4WD,3.5,6,Manual(M6),18,481
2021,Toyota,Small Pick-up Trucks 4WD,3.5,6,Manual(M6),18,483
2021,General Motors,Standard Pick-up Trucks 2WD,2.7,4,Auto(A8),21,423
2021,General Motors,Standard Pick-up Trucks 2WD,2.7,4,Auto(A8),21,421
2021,General Motors,Standard Pick-up Trucks 2WD,3.0,6,Auto(A10),27,383
2021,General Motors,Standard Pick-up Trucks 2WD,4.3,6,Auto(A6),17,523
2021,General Motors,Standard Pick-up Trucks 2WD,5.3,8,Auto(A6),16,541
2021,General Motors,Standard Pick-up Trucks 2WD,5.3,8,Auto(A6),16,547
2021,General Motors,Standard Pick-up Trucks 2WD,5.3,8,Auto(A6),17,523
2021,General Motors,Standard Pick-up Trucks 2WD,5.3,8,Auto(A8),17,513
2021,General Motors,Standard Pick-up Trucks 2WD,5.3,8,Auto(A8),19,460
2021,Ford Motor Company,Standard Pick-up Trucks 2WD,2.7,6,Auto(S10),22,406
2021,Ford Motor Company,Standard Pick-up Trucks 2WD,3.5,6,Auto(S10),20,444
2021,Ford Motor Company,Standard Pick-up Trucks 2WD,3.5,6,Auto(S10),20,437
2021,Ford Motor Company,Standard Pick-up Trucks 2WD,3.3,6,Auto(S10),21,424
2021,Ford Motor Company,Standard Pick-up Trucks 2WD,5.0,8,Auto(S10),19,463
2021,Ford Motor Company,Standard Pick-up Trucks 2WD,5.0,8,Auto(S10),20,446
2021,Ford Motor Company,Standard Pick-up Trucks 2WD,3.5,6,Auto(S10),25,349
2021,Ford Motor Company,Standard Pick-up Trucks 2WD,2.3,4,Auto(S10),23,387
2021,General Motors,Standard Pick-up Trucks 2WD,2.7,4,Auto(A8),21,422
2021,General Motors,Standard Pick-up Trucks 2WD,2.7,4,Auto(A8),21,421
2021,General Motors,Standard Pick-up Trucks 2WD,3.0,6,Auto(A10),26,392
2021,General Motors,Standard Pick-up Trucks 2WD,4.3,6,Auto(A6),17,523
2021,General Motors,Standard Pick-up Trucks 2WD,5.3,8,Auto(A6),16,541
2021,General Motors,Standard Pick-up Trucks 2WD,5.3,8,Auto(A6),16,547
2021,General Motors,Standard Pick-up Trucks 2WD,5.3,8,Auto(A6),17,523
2021,General Motors,Standard Pick-up Trucks 2WD,5.3,8,Auto(A8),17,515
2021,General Motors,Standard Pick-up Trucks 2WD,5.3,8,Auto(A8),19,466
2021,Nissan,Standard Pick-up Trucks 2WD,3.8,6,Auto(S9),20,445
2021,Nissan,Standard Pick-up Trucks 2WD,5.6,8,Auto(S9),18,503
2021,FCA US LLC,Standard Pick-up Trucks 2WD,3.0,6,Auto(A8),26,390
2021,FCA US LLC,Standard Pick-up Trucks 2WD,3.6,6,Auto(A8),22,407
2021,FCA US LLC,Standard Pick-up Trucks 2WD,5.7,8,Auto(A8),19,467
2021,FCA US LLC,Standard Pick-up Trucks 2WD,5.7,8,Auto(A8),17,514
2021,FCA US LLC,Standard Pick-up Trucks 2WD,3.6,6,Auto(A8),20,450
2021,FCA US LLC,Standard Pick-up Trucks 2WD,5.7,8,Auto(A8),17,513
2021,FCA US LLC,Standard Pick-up Trucks 2WD,3.0,6,Auto(A8),26,384
2021,FCA US LLC,Standard Pick-up Trucks 2WD,3.6,6,Auto(A8),23,394
2021,Toyota,Standard Pick-up Trucks 2WD,5.7,8,Auto(S6),15,601
2021,General Motors,Standard Pick-up Trucks 4WD,2.7,4,Auto(A8),20,443
2021,General Motors,Standard Pick-up Trucks 4WD,2.7,4,Auto(A8),20,442
2021,General Motors,Standard Pick-up Trucks 4WD,3.0,6,Auto(A10),24,430
2021,General Motors,Standard Pick-up Trucks 4WD,4.3,6,Auto(A6),17,530
2021,General Motors,Standard Pick-up Trucks 4WD,5.3,8,Auto(A10),18,506
2021,General Motors,Standard Pick-up Trucks 4WD,5.3,8,Auto(A10),19,481
2021,General Motors,Standard Pick-up Trucks 4WD,5.3,8,Auto(A6),16,560
2021,General Motors,Standard Pick-up Trucks 4WD,5.3,8,Auto(A6),17,533
2021,General Motors,Standard Pick-up Trucks 4WD,5.3,8,Auto(A6),16,563
2021,General Motors,Standard Pick-up Trucks 4WD,5.3,8,Auto(A8),16,545
2021,General Motors,Standard Pick-up Trucks 4WD,5.3,8,Auto(A8),18,482
2021,General Motors,Standard Pick-up Trucks 4WD,6.2,8,Auto(A10),17,522
2021,General Motors,Standard Pick-up Trucks 4WD,6.2,8,Auto(A10),18,493
2021,General Motors,Standard Pick-up Trucks 4WD,4.3,6,Auto(A6),16,560
2021,General Motors,Standard Pick-up Trucks 4WD,5.3,8,Auto(A10),17,523
2021,General Motors,Standard Pick-up Trucks 4WD,5.3,8,Auto(A10),18,494
2021,General Motors,Standard Pick-up Trucks 4WD,5.3,8,Auto(A6),15,593
2021,General Motors,Standard Pick-up Trucks 4WD,5.3,8,Auto(A6),16,560
2021,General Motors,Standard Pick-up Trucks 4WD,6.2,8,Auto(A10),16,555
2021,General Motors,Standard Pick-up Trucks 4WD,6.2,8,Auto(A10),17,533
2021,General Motors,Standard Pick-up Trucks 4WD,6.2,8,Auto(A10),17,522
2021,Ford Motor Company,Standard Pick-up Trucks 4WD,2.7,6,Auto(S10),20,445
2021,Ford Motor Company,Standard Pick-up Trucks 4WD,2.7,6,Auto(S10),21,432
2021,Ford Motor Company,Standard Pick-up Trucks 4WD,3.0,6,Auto(S10),23,446
2021,Ford Motor Company,Standard Pick-up Trucks 4WD,3.5,6,Auto(S10),19,468
2021,Ford Motor Company,Standard Pick-up Trucks 4WD,3.5,6,Auto(S10),20,445
2021,Ford Motor Company,Standard Pick-up Trucks 4WD,3.3,6,Auto(S10),20,445
2021,Ford Motor Company,Standard Pick-up Trucks 4WD,5.0,8,Auto(S10),18,495
2021,Ford Motor Company,Standard Pick-up Trucks 4WD,5.0,8,Auto(S10),19,479
2021,Ford Motor Company,Standard Pick-up Trucks 4WD,3.5,6,Auto(S10),24,368
2021,Ford Motor Company,Standard Pick-up Trucks 4WD,3.5,6,Auto(S10),18,503
2021,Ford Motor Company,Standard Pick-up Trucks 4WD,3.5,6,Auto(S10),18,498
2021,Ford Motor Company,Standard Pick-up Trucks 4WD,3.5,6,Auto(S10),15,596
2021,Ford Motor Company,Standard Pick-up Trucks 4WD,3.5,6,Auto(S10),15,578
2021,Ford Motor Company,Standard Pick-up Trucks 4WD,3.5,6,Auto(S10),15,593
2021,Ford Motor Company,Standard Pick-up Trucks 4WD,3.5,6,Auto(S10),16,553
2021,Ford Motor Company,Standard Pick-up Trucks 4WD,2.3,4,Auto(S10),22,404
2021,Ford Motor Company,Standard Pick-up Trucks 4WD,2.3,4,Auto(S10),19,462
2021,General Motors,Standard Pick-up Trucks 4WD,2.7,4,Auto(A8),19,475
2021,General Motors,Standard Pick-up Trucks 4WD,2.7,4,Auto(A8),19,464
2021,General Motors,Standard Pick-up Trucks 4WD,3.0,6,Auto(A10),24,430
2021,General Motors,Standard Pick-up Trucks 4WD,4.3,6,Auto(A6),17,530
2021,General Motors,Standard Pick-up Trucks 4WD,5.3,8,Auto(A10),18,504
2021,General Motors,Standard Pick-up Trucks 4WD,5.3,8,Auto(A10),19,479
2021,General Motors,Standard Pick-up Trucks 4WD,5.3,8,Auto(A6),16,560
2021,General Motors,Standard Pick-up Trucks 4WD,5.3,8,Auto(A6),16,561
2021,General Motors,Standard Pick-up Trucks 4WD,5.3,8,Auto(A6),17,526
2021,General Motors,Standard Pick-up Trucks 4WD,5.3,8,Auto(A8),16,561
2021,General Motors,Standard Pick-up Trucks 4WD,5.3,8,Auto(A8),18,504
2021,General Motors,Standard Pick-up Trucks 4WD,6.2,8,Auto(A10),16,539
2021,General Motors,Standard Pick-up Trucks 4WD,6.2,8,Auto(A10),17,510
2021,General Motors,Standard Pick-up Trucks 4WD,3.0,6,Auto(A10),24,430
2021,General Motors,Standard Pick-up Trucks 4WD,5.3,8,Auto(A10),17,523
2021,General Motors,Standard Pick-up Trucks 4WD,5.3,8,Auto(A10),18,494
2021,General Motors,Standard Pick-up Trucks 4WD,5.3,8,Auto(A6),16,543
2021,General Motors,Standard Pick-up Trucks 4WD,5.3,8,Auto(A8),16,551
2021,General Motors,Standard Pick-up Trucks 4WD,5.3,8,Auto(A8),18,484
2021,General Motors,Standard Pick-up Trucks 4WD,6.2,8,Auto(A10),16,555
2021,General Motors,Standard Pick-up Trucks 4WD,6.2,8,Auto(A10),17,522
2021,Honda,Standard Pick-up Trucks 4WD,3.5,6,Auto(S9),21,441
2021,FCA US LLC,Standard Pick-up Trucks 4WD,3.6,6,Auto(A8),19,466
2021,FCA US LLC,Standard Pick-up Trucks 4WD,3.6,6,Manual(M6),19,476
2021,FCA US LLC,Standard Pick-up Trucks 4WD,3.0,6,Auto(A8),24,423
2021,FCA US LLC,Standard Pick-up Trucks 4WD,3.0,6,Auto(A8),24,436
2021,Nissan,Standard Pick-up Trucks 4WD,3.8,6,Auto(S9),19,469
2021,Nissan,Standard Pick-up Trucks 4WD,5.6,8,Auto(S9),18,515
2021,Nissan,Standard Pick-up Trucks 4WD,5.6,8,Auto(S9),17,518
2021,FCA US LLC,Standard Pick-up Trucks 4WD,3.0,6,Auto(A8),24,418
2021,FCA US LLC,Standard Pick-up Trucks 4WD,3.6,6,Auto(A8),21,417
2021,FCA US LLC,Standard Pick-up Trucks 4WD,5.7,8,Auto(A8),19,472
2021,FCA US LLC,Standard Pick-up Trucks 4WD,5.7,8,Auto(A8),17,523
2021,FCA US LLC,Standard Pick-up Trucks 4WD,3.6,6,Auto(A8),19,474
2021,FCA US LLC,Standard Pick-up Trucks 4WD,5.7,8,Auto(A8),17,526
2021,FCA US LLC,Standard Pick-up Trucks 4WD,6.2,8,Auto(A8),12,748
2021,Toyota,Standard Pick-up Trucks 4WD,5.7,8,Auto(S6),14,635
2021,Ford Motor Company,"Vans, Passenger Type",3.5,6,Auto(S10),16,540
2021,Ford Motor Company,"Vans, Passenger Type",3.5,6,Auto(S10),16,565
2021,General Motors,Special Purpose Vehicle 2WD,2.0,4,Auto(S9),21,425
2021,General Motors,Special Purpose Vehicle 2WD,2.0,4,Auto(S9),21,425
2021,Ford Motor Company,Special Purpose Vehicle 2WD,2.3,4,Auto(S10),18,486
2021,Ford Motor Company,Special Purpose Vehicle 2WD,2.5,4,Auto(S6),22,397
2021,Ford Motor Company,Special Purpose Vehicle 2WD,2.0,4,Auto(S8),25,350
2021,Ford Motor Company,Special Purpose Vehicle 2WD,2.0,4,Auto(S8),25,350
2021,Ford Motor Company,Special Purpose Vehicle 2WD,2.5,4,Auto(S6),22,397
2021,Ford Motor Company,Special Purpose Vehicle 2WD,2.0,4,Auto(S8),26,344
2021,Ford Motor Company,Special Purpose Vehicle 2WD,2.0,4,Auto(S8),26,344
2021,Ford Motor Company,Special Purpose Vehicle 2WD,2.5,4,Auto(S6),22,404
2021,Mercedes-Benz,Special Purpose Vehicle 2WD,2.0,4,Auto(AM8),28,314
2021,Mercedes-Benz,Special Purpose Vehicle 2WD,2.0,4,Auto(AM8),26,337
2021,Mercedes-Benz,Special Purpose Vehicle 2WD,2.0,4,Auto(A9),21,432
2021,Mercedes-Benz,Special Purpose Vehicle 2WD,2.0,4,Auto(A9),21,432
2021,Mercedes-Benz,Special Purpose Vehicle 2WD,2.0,4,Auto(A9),19,457
2021,Nissan,Special Purpose Vehicle 2WD,2.0,4,Auto(AV),25,360
2021,FCA US LLC,Special Purpose Vehicle 2WD,2.4,4,Auto(A9),24,374
2021,General Motors,Special Purpose Vehicle 4WD,2.0,4,Auto(S9),21,425
2021,General Motors,Special Purpose Vehicle 4WD,2.0,4,Auto(S9),21,425
2021,General Motors,Special Purpose Vehicle cab chassis,4.3,6,Auto(A6),17,523
2021,General Motors,Special Purpose Vehicle cab chassis,5.3,8,Auto(A6),14,634
2021,General Motors,Special Purpose Vehicle cab chassis,5.3,8,Auto(A6),15,590
2021,General Motors,Special Purpose Vehicle cab chassis,4.3,6,Auto(A6),15,592
2021,General Motors,Special Purpose Vehicle cab chassis,5.3,8,Auto(A6),14,635
2021,General Motors,Special Purpose Vehicle cab chassis,5.3,8,Auto(A6),15,593
2021,General Motors,Special Purpose Vehicle cab chassis,4.3,6,Auto(A6),17,523
2021,General Motors,Special Purpose Vehicle cab chassis,5.3,8,Auto(A6),14,634
2021,General Motors,Special Purpose Vehicle cab chassis,5.3,8,Auto(A6),15,590
2021,General Motors,Special Purpose Vehicle cab chassis,4.3,6,Auto(A6),15,592
2021,General Motors,Special Purpose Vehicle cab chassis,5.3,8,Auto(A6),14,635
2021,General Motors,Special Purpose Vehicle cab chassis,5.3,8,Auto(A6),15,593
2021,FCA US LLC,"Special Purpose Vehicle, minivan 2WD",3.6,6,Auto(A9),22,401
2021,FCA US LLC,"Special Purpose Vehicle, minivan 2WD",3.6,6,Auto(A9),22,401
2021,Honda,"Special Purpose Vehicle, minivan 2WD",3.5,6,Auto(S10),22,394
2021,Kia,"Special Purpose Vehicle, minivan 2WD",3.3,6,Auto(S8),21,436
2021,Toyota,"Special Purpose Vehicle, minivan 2WD",2.5,4,Auto(AV-S6),36,246
2021,FCA US LLC,"Special Purpose Vehicle, minivan 4WD",3.6,6,Auto(A9),20,450
2021,Toyota,"Special Purpose Vehicle, minivan 4WD",2.5,4,Auto(AV-S6),35,253
2021,Honda,Small SUV 2WD,2.0,4,Auto(S10),24,370
2021,Honda,Small SUV 2WD,2.0,4,Auto(S10),24,375
2021,FCA US LLC,Small SUV 2WD,2.0,4,Auto(A8),25,359
2021,BMW,Small SUV 2WD,2.0,4,Auto(S8),27,332
2021,General Motors,Small SUV 2WD,1.4,4,Auto(S6),27,325
2021,General Motors,Small SUV 2WD,1.4,4,Auto(S6),27,329
2021,General Motors,Small SUV 2WD,1.2,3,Auto(AV),29,302
2021,General Motors,Small SUV 2WD,1.3,3,Auto(AV),31,288
2021,General Motors,Small SUV 2WD,2.0,4,Auto(S9),26,341
2021,General Motors,Small SUV 2WD,2.0,4,Auto(S9),26,336
2021,General Motors,Small SUV 2WD,2.0,4,Auto(S9),24,370
2021,General Motors,Small SUV 2WD,3.6,6,Auto(S9),21,418
2021,General Motors,Small SUV 2WD,2.0,4,Auto(S9),23,386
2021,General Motors,Small SUV 2WD,3.6,6,Auto(S9),21,418
2021,General Motors,Small SUV 2WD,2.0,4,Auto(A9),25,349
2021,General Motors,Small SUV 2WD,2.5,4,Auto(A9),23,382
2021,General Motors,Small SUV 2WD,3.6,6,Auto(A9),22,404
2021,General Motors,Small SUV 2WD,1.5,4,Auto(A6),28,318
2021,General Motors,Small SUV 2WD,1.2,3,Auto(AV),29,302
2021,General Motors,Small SUV 2WD,1.3,3,Auto(AV),31,288
2021,General Motors,Small SUV 2WD,1.4,4,Auto(S6),27,325
2021,General Motors,Small SUV 2WD,1.4,4,Auto(S6),28,316
2021,Ford Motor Company,Small SUV 2WD,1.0,3,Auto(S6),28,318
2021,Ford Motor Company,Small SUV 2WD,2.0,4,Auto(A8),24,369
2021,Ford Motor Company,Small SUV 2WD,1.5,3,Auto(A8),30,293
2021,Ford Motor Company,Small SUV 2WD,2.5,4,Auto(AV),41,220
2021,Hyundai,Small SUV 2WD,2.5,4,Auto(S8),23,394
2021,General Motors,Small SUV 2WD,1.5,4,Auto(A9),27,329
2021,Honda,Small SUV 2WD,1.5,4,Auto(AV),30,294
2021,Honda,Small SUV 2WD,3.5,6,Auto(S9),22,407
2021,Honda,Small SUV 2WD,3.5,6,Auto(S9),23,388
2021,Hyundai,Small SUV 2WD,1.6,4,Auto(AM7),30,303
2021,Hyundai,Small SUV 2WD,2.0,4,Auto(S6),30,300
2021,Hyundai,Small SUV 2WD,2.5,4,Auto(AM-S8),25,365
2021,Hyundai,Small SUV 2WD,2.5,4,Auto(S8),26,344
2021,Hyundai,Small SUV 2WD,2.0,4,Auto(S6),25,361
2021,Hyundai,Small SUV 2WD,2.4,4,Auto(S6),25,363
2021,Nissan,Small SUV 2WD,2.0,4,Auto(AV-S8),26,349
2021,FCA US LLC,Small SUV 2WD,2.0,4,Auto(A9),26,345
2021,FCA US LLC,Small SUV 2WD,2.4,4,Auto(A9),25,352
2021,FCA US LLC,Small SUV 2WD,3.2,6,Auto(A9),23,387
2021,FCA US LLC,Small SUV 2WD,2.4,4,Auto(A6),25,350
2021,FCA US LLC,Small SUV 2WD,1.3,4,Auto(A9),27,329
2021,FCA US LLC,Small SUV 2WD,2.4,4,Auto(A9),25,357
2021,Kia,Small SUV 2WD,2.0,4,Auto(AV-S8),31,285
2021,Kia,Small SUV 2WD,2.5,4,Auto(AM-S8),25,360
2021,Kia,Small SUV 2WD,2.5,4,Auto(S8),26,342
2021,Kia,Small SUV 2WD,1.6,4,Auto(AM-S6),37,242
2021,Kia,Small SUV 2WD,2.0,4,Auto(S6),23,392
2021,Kia,Small SUV 2WD,2.4,4,Auto(S6),26,349
2021,Kia,Small SUV 2WD,3.8,6,Auto(S8),23,395
2021,Toyota,Small SUV 2WD,2.0,4,Auto(S6),25,359
2021,Toyota,Small SUV 2WD,3.5,6,Auto(S8),23,391
2021,Toyota,Small SUV 2WD,3.5,6,Auto(S8),22,407
2021,Ford Motor Company,Small SUV 2WD,2.0,4,Auto(S8),25,361
2021,Ford Motor Company,Small SUV 2WD,2.0,4,Auto(A8),23,384
2021,Ford Motor Company,Small SUV 2WD,2.0,4,Auto(S8),23,387
2021,MAZDA,Small SUV 2WD,2.5,4,Auto(S6),28,319
2021,MAZDA,Small SUV 2WD,2.5,4,Auto(S6),28,313
2021,MAZDA,Small SUV 2WD,2.5,4,Auto(S6),28,322
2021,MAZDA,Small SUV 2WD,2.5,4,Auto(S6),25,355
2021,MAZDA,Small SUV 2WD,2.5,4,Auto(S6),24,363
2021,Mercedes-Benz,Small SUV 2WD,2.0,4,Auto(A9),25,360
2021,Mitsubishi Motors Co,Small SUV 2WD,2.0,4,Auto(AV-S6),27,331
2021,Mitsubishi Motors Co,Small SUV 2WD,2.4,4,Auto(AV-S6),25,354
2021,Nissan,Small SUV 2WD,1.5,3,Auto(AV-S8),33,270
2021,Nissan,Small SUV 2WD,2.5,4,Auto(AV-S8),30,292
2021,Nissan,Small SUV 2WD,1.5,3,Auto(AV-S8),32,278
2021,Nissan,Small SUV 2WD,2.5,4,Auto(AV-S8),29,304
2021,Toyota,Small SUV 2WD,3.5,6,Auto(S8),24,372
2021,Toyota,Small SUV 2WD,3.5,6,Auto(S8),23,389
2021,Toyota,Small SUV 2WD,2.5,4,Auto(AV-S6),36,245
2021,Toyota,Small SUV 2WD,2.5,4,Auto(S8),30,290
2021,Toyota,Small SUV 2WD,2.5,4,Auto(S8),30,296
2021,Volkswagen Group of,Small SUV 2WD,2.0,4,Auto(S8),22,400
2021,Volkswagen Group of,Small SUV 2WD,3.6,6,Auto(S8),19,461
2021,Volkswagen Group of,Small SUV 2WD,2.0,4,Auto(S8),22,401
2021,Volkswagen Group of,Small SUV 2WD,3.6,6,Auto(S8),20,453
2021,Volkswagen Group of,Small SUV 2WD,2.0,4,Auto(S8),25,353
2021,Volvo,Small SUV 2WD,2.0,4,Auto(S8),26,340
2021,Volvo,Small SUV 2WD,2.0,4,Auto(S8),25,359
2021,Honda,Small SUV 4WD,2.0,4,Auto(S10),23,385
2021,Honda,Small SUV 4WD,2.0,4,Auto(S10),23,387
2021,FCA US LLC,Small SUV 4WD,2.0,4,Auto(A8),24,364
2021,FCA US LLC,Small SUV 4WD,2.9,6,Auto(A8),19,463
2021,Volkswagen Group of,Small SUV 4WD,2.0,4,Auto(S8),25,350
2021,Volkswagen Group of,Small SUV 4WD,2.0,4,Auto(S8),23,384
2021,Volkswagen Group of,Small SUV 4WD,2.0,4,Auto(AM-S7),25,349
2021,Volkswagen Group of,Small SUV 4WD,2.0,4,Auto(AM-S7),25,349
2021,Volkswagen Group of,Small SUV 4WD,3.0,6,Auto(S8),20,441
2021,Volkswagen Group of,Small SUV 4WD,3.0,6,Auto(S8),20,441
2021,BMW,Small SUV 4WD,3.0,6,Auto(S8),16,546
2021,BMW,Small SUV 4WD,3.0,6,Auto(S8),16,546
2021,BMW,Small SUV 4WD,3.0,6,Auto(S8),23,379
2021,BMW,Small SUV 4WD,2.0,4,Auto(S8),25,351
2021,BMW,Small SUV 4WD,3.0,6,Auto(S8),16,546
2021,BMW,Small SUV 4WD,3.0,6,Auto(S8),16,546
2021,BMW,Small SUV 4WD,3.0,6,Auto(S8),23,379
2021,BMW,Small SUV 4WD,2.0,4,Auto(S8),25,351
2021,General Motors,Small SUV 4WD,1.4,4,Auto(S6),26,338
2021,General Motors,Small SUV 4WD,1.4,4,Auto(S6),26,344
2021,General Motors,Small SUV 4WD,1.3,3,Auto(A9),28,330
2021,General Motors,Small SUV 4WD,2.0,4,Auto(S9),25,352
2021,General Motors,Small SUV 4WD,2.0,4,Auto(S9),24,369
2021,General Motors,Small SUV 4WD,2.0,4,Auto(S9),23,386
2021,General Motors,Small SUV 4WD,3.6,6,Auto(S9),21,424
2021,General Motors,Small SUV 4WD,2.0,4,Auto(S9),23,386
2021,General Motors,Small SUV 4WD,3.6,6,Auto(S9),21,433
2021,General Motors,Small SUV 4WD,2.0,4,Auto(A9),24,362
2021,General Motors,Small SUV 4WD,3.6,6,Auto(A9),21,413
2021,General Motors,Small SUV 4WD,1.5,4,Auto(A6),27,330
2021,General Motors,Small SUV 4WD,1.3,3,Auto(A9),28,314
2021,General Motors,Small SUV 4WD,1.4,4,Auto(S6),26,338
2021,General Motors,Small SUV 4WD,1.4,4,Auto(S6),26,344
2021,FCA US LLC,Small SUV 4WD,1.3,4,Auto(A9),26,356
2021,Ford Motor Company,Small SUV 4WD,2.3,4,Auto(S10),21,424
2021,Ford Motor Company,Small SUV 4WD,2.3,4,Manual(M7),21,426
2021,Ford Motor Company,Small SUV 4WD,2.7,6,Auto(S10),19,462
2021,Ford Motor Company,Small SUV 4WD,2.3,4,Auto(S10),17,513
2021,Ford Motor Company,Small SUV 4WD,2.3,4,Manual(M7),17,533
2021,Ford Motor Company,Small SUV 4WD,2.7,6,Auto(S10),17,509
2021,Ford Motor Company,Small SUV 4WD,2.3,4,Auto(S10),18,494
2021,Ford Motor Company,Small SUV 4WD,2.3,4,Manual(M7),18,496
2021,Ford Motor Company,Small SUV 4WD,2.3,4,Auto(S10),18,494
2021,Ford Motor Company,Small SUV 4WD,2.7,6,Auto(S10),17,527
2021,Ford Motor Company,Small SUV 4WD,1.5,3,Auto(A8),26,342
2021,Ford Motor Company,Small SUV 4WD,2.0,4,Auto(S8),23,387
2021,Ford Motor Company,Small SUV 4WD,2.0,4,Auto(S6),25,355
2021,Ford Motor Company,Small SUV 4WD,2.0,4,Auto(A8),23,380
2021,Ford Motor Company,Small SUV 4WD,2.0,4,Auto(S8),23,383
2021,Ford Motor Company,Small SUV 4WD,2.7,6,Auto(S8),21,423
2021,Ford Motor Company,Small SUV 4WD,1.5,3,Auto(A8),28,318
2021,Ford Motor Company,Small SUV 4WD,2.0,4,Auto(A8),26,342
2021,Ford Motor Company,Small SUV 4WD,2.5,4,Auto(AV),40,224
2021,General Motors,Small SUV 4WD,1.5,4,Auto(A9),26,342
2021,Honda,Small SUV 4WD,1.5,4,Auto(AV),29,305
2021,Honda,Small SUV 4WD,2.0,4,Auto(AV),38,234
2021,Honda,Small SUV 4WD,3.5,6,Auto(S9),21,427
2021,Honda,Small SUV 4WD,3.5,6,Auto(S9),22,406
2021,Hyundai,Small SUV 4WD,1.6,4,Auto(AM7),27,324
2021,Hyundai,Small SUV 4WD,2.0,4,Auto(S6),27,326
2021,Hyundai,Small SUV 4WD,2.5,4,Auto(AM-S8),24,375
2021,Hyundai,Small SUV 4WD,2.5,4,Auto(S8),24,378
2021,Hyundai,Small SUV 4WD,1.6,4,Auto(AM-S6),32,283
2021,Hyundai,Small SUV 4WD,1.6,4,Auto(AM-S6),34,264
2021,Hyundai,Small SUV 4WD,2.0,4,Auto(S6),23,385
2021,Hyundai,Small SUV 4WD,2.4,4,Auto(S6),23,387
2021,Nissan,Small SUV 4WD,2.0,4,Auto(AV-S8),25,367
2021,Jaguar Land Rover L,Small SUV 4WD,2.0,4,Auto(S9),23,398
2021,Jaguar Land Rover L,Small SUV 4WD,2.0,4,Auto(S9),23,394
2021,Jaguar Land Rover L,Small SUV 4WD,2.0,4,Auto(S8),24,365
2021,Jaguar Land Rover L,Small SUV 4WD,3.0,6,Auto(S8),22,402
2021,Jaguar Land Rover L,Small SUV 4WD,3.0,6,Auto(S8),22,406
2021,Jaguar Land Rover L,Small SUV 4WD,5.0,8,Auto(S8),18,508
2021,FCA US LLC,Small SUV 4WD,2.0,4,Auto(A9),24,369
2021,FCA US LLC,Small SUV 4WD,2.4,4,Auto(A9),24,370
2021,FCA US LLC,Small SUV 4WD,3.2,6,Auto(A9),22,400
2021,FCA US LLC,Small SUV 4WD,2.0,4,Auto(A9),23,387
2021,FCA US LLC,Small SUV 4WD,3.2,6,Auto(A9),21,416
2021,FCA US LLC,Small SUV 4WD,3.2,6,Auto(A9),21,432
2021,FCA US LLC,Small SUV 4WD,2.4,4,Auto(A9),25,358
2021,FCA US LLC,Small SUV 4WD,1.3,4,Auto(A9),26,307
2021,FCA US LLC,Small SUV 4WD,2.4,4,Auto(A9),24,371
2021,FCA US LLC,Small SUV 4WD,1.3,4,Auto(A9),24,372
2021,FCA US LLC,Small SUV 4WD,2.0,4,Auto(A8),23,388
2021,FCA US LLC,Small SUV 4WD,3.6,6,Auto(A8),20,440
2021,FCA US LLC,Small SUV 4WD,3.6,6,Auto(A8),21,416
2021,FCA US LLC,Small SUV 4WD,3.6,6,Manual(M6),20,446
2021,FCA US LLC,Small SUV 4WD,2.0,4,Auto(A8),22,404
2021,FCA US LLC,Small SUV 4WD,3.6,6,Auto(A8),20,451
2021,FCA US LLC,Small SUV 4WD,3.6,6,Auto(A8),21,421
2021,FCA US LLC,Small SUV 4WD,3.6,6,Manual(M6),19,459
2021,FCA US LLC,Small SUV 4WD,6.4,8,Auto(A8),14,623
2021,FCA US LLC,Small SUV 4WD,3.0,6,Auto(A8),25,411
2021,FCA US LLC,Small SUV 4WD,3.0,6,Auto(A8),23,442
2021,Kia,Small SUV 4WD,1.6,4,Auto(AM-S7),27,331
2021,Kia,Small SUV 4WD,2.0,4,Auto(AV-S8),29,314
2021,Kia,Small SUV 4WD,2.5,4,Auto(AM-S8),24,375
2021,Kia,Small SUV 4WD,2.5,4,Auto(S8),24,366
2021,Kia,Small SUV 4WD,2.0,4,Auto(S6),21,421
2021,Kia,Small SUV 4WD,2.4,4,Auto(S6),23,390
2021,Kia,Small SUV 4WD,3.8,6,Auto(S8),21,428
2021,Jaguar Land Rover L,Small SUV 4WD,2.0,4,Auto(S9),20,437
2021,Jaguar Land Rover L,Small SUV 4WD,2.0,4,Auto(S9),22,398
2021,Jaguar Land Rover L,Small SUV 4WD,2.0,4,Auto(S8),23,393
2021,Jaguar Land Rover L,Small SUV 4WD,5.0,8,Auto(S8),17,511
2021,Jaguar Land Rover L,Small SUV 4WD,3.0,6,Auto(S8),22,399
2021,Jaguar Land Rover L,Small SUV 4WD,3.0,6,Auto(S8),21,426
2021,Toyota,Small SUV 4WD,2.0,4,Auto(S6),24,361
2021,Toyota,Small SUV 4WD,2.0,4,Auto(S6),24,374
2021,Toyota,Small SUV 4WD,2.5,4,Auto(AV-S6),31,285
2021,Toyota,Small SUV 4WD,3.5,6,Auto(S8),22,405
2021,Toyota,Small SUV 4WD,3.5,6,Auto(S8),21,432
2021,Ford Motor Company,Small SUV 4WD,2.0,4,Auto(S8),24,369
2021,Ford Motor Company,Small SUV 4WD,2.3,4,Auto(S8),24,373
2021,Ford Motor Company,Small SUV 4WD,2.0,4,Auto(A8),22,404
2021,Ford Motor Company,Small SUV 4WD,2.0,4,Auto(S8),22,404
2021,Ford Motor Company,Small SUV 4WD,2.7,6,Auto(S8),21,423
2021,MAZDA,Small SUV 4WD,2.5,4,Auto(S6),25,353
2021,MAZDA,Small SUV 4WD,2.5,4,Auto(S6),26,341
2021,MAZDA,Small SUV 4WD,2.5,4,Auto(S6),26,334
2021,MAZDA,Small SUV 4WD,2.5,4,Auto(S6),26,337
2021,MAZDA,Small SUV 4WD,2.5,4,Auto(S6),24,370
2021,MAZDA,Small SUV 4WD,2.5,4,Auto(S6),23,391
2021,Mercedes-Benz,Small SUV 4WD,3.0,6,Auto(A9),20,438
2021,Mercedes-Benz,Small SUV 4WD,3.0,6,Auto(A9),20,445
2021,Mercedes-Benz,Small SUV 4WD,4.0,8,Auto(A9),17,513
2021,Mercedes-Benz,Small SUV 4WD,4.0,8,Auto(A9),17,512
2021,Mercedes-Benz,Small SUV 4WD,4.0,8,Auto(A9),17,512
2021,Mercedes-Benz,Small SUV 4WD,2.0,4,Auto(AM8),27,327
2021,Mercedes-Benz,Small SUV 4WD,2.0,4,Auto(AM8),26,347
2021,Mercedes-Benz,Small SUV 4WD,2.0,4,Auto(A9),23,379
2021,Mercedes-Benz,Small SUV 4WD,2.0,4,Auto(A9),24,363
2021,Mercedes-Benz,Small SUV 4WD,2.0,4,Auto(A9),22,403
2021,Mercedes-Benz,Small SUV 4WD,2.0,4,Auto(A9),22,409
2021,Mitsubishi Motors Co,Small SUV 4WD,2.0,4,Auto(AV-S6),26,344
2021,Mitsubishi Motors Co,Small SUV 4WD,2.4,4,Auto(AV-S6),25,353
2021,Nissan,Small SUV 4WD,1.5,3,Auto(AV-S8),33,275
2021,Nissan,Small SUV 4WD,2.5,4,Auto(AV-S8),29,310
2021,Nissan,Small SUV 4WD,1.5,3,Auto(AV-S8),32,284
2021,Nissan,Small SUV 4WD,2.5,4,Auto(AV-S8),28,318
2021,Porsche,Small SUV 4WD,2.0,4,Auto(AM-S7),21,426
2021,Porsche,Small SUV 4WD,2.9,6,Auto(AM-S7),19,459
2021,Porsche,Small SUV 4WD,3.0,6,Auto(AM-S7),20,441
2021,Porsche,Small SUV 4WD,2.9,6,Auto(AM-S7),19,471
2021,Subaru,Small SUV 4WD,2.0,4,Auto(AV-S8),30,297
2021,Subaru,Small SUV 4WD,2.0,4,Manual(M6),25,355
2021,Subaru,Small SUV 4WD,2.5,4,Auto(AV-S8),29,302
2021,Subaru,Small SUV 4WD,2.5,4,Auto(AV-S7),29,309
2021,Subaru,Small SUV 4WD,2.4,4,Auto(AV-S8),26,343
2021,Subaru,Small SUV 4WD,2.5,4,Auto(AV-S8),29,308
2021,Toyota,Small SUV 4WD,3.5,6,Auto(S8),23,387
2021,Toyota,Small SUV 4WD,2.5,4,Auto(S8),28,316
2021,Toyota,Small SUV 4WD,2.5,4,Auto(S8),29,301
2021,Toyota,Small SUV 4WD,2.5,4,Auto(S8),30,296
2021,Toyota,Small SUV 4WD,2.5,4,Auto(S8),28,323
2021,Toyota,Small SUV 4WD,2.5,4,Auto(AV-S6),40,223
2021,Toyota,Small SUV 4WD,2.5,4,Auto(AV-S6),39,227
2021,Volkswagen Group of,Small SUV 4WD,2.0,4,Auto(S8),22,412
2021,Volkswagen Group of,Small SUV 4WD,2.0,4,Auto(S8),22,413
2021,Volkswagen Group of,Small SUV 4WD,3.6,6,Auto(S8),19,464
2021,Volkswagen Group of,Small SUV 4WD,2.0,4,Auto(S8),24,374
2021,Volvo,Small SUV 4WD,2.0,4,Auto(S8),25,359
2021,Volvo,Small SUV 4WD,2.0,4,Auto(S8),23,386
2021,Volvo,Small SUV 4WD,2.0,4,Auto(S8),24,375
2021,BMW,Standard SUV 2WD,3.0,6,Auto(S8),23,383
2021,BMW,Standard SUV 2WD,3.0,6,Auto(S8),23,383
2021,General Motors,Standard SUV 2WD,3.6,6,Auto(A9),21,420
2021,General Motors,Standard SUV 2WD,3.0,6,Auto(A10),23,437
2021,General Motors,Standard SUV 2WD,6.2,8,Auto(A10),16,552
2021,General Motors,Standard SUV 2WD,6.2,8,Auto(A10),17,530
2021,General Motors,Standard SUV 2WD,3.0,6,Auto(A10),23,437
2021,General Motors,Standard SUV 2WD,5.3,8,Auto(A10),17,523
2021,General Motors,Standard SUV 2WD,5.3,8,Auto(A10),18,492
2021,General Motors,Standard SUV 2WD,6.2,8,Auto(A10),16,544
2021,General Motors,Standard SUV 2WD,6.2,8,Auto(A10),17,525
2021,General Motors,Standard SUV 2WD,3.0,6,Auto(A10),24,421
2021,General Motors,Standard SUV 2WD,5.3,8,Auto(A10),17,523
2021,General Motors,Standard SUV 2WD,5.3,8,Auto(A10),18,492
2021,General Motors,Standard SUV 2WD,6.2,8,Auto(A10),16,544
2021,General Motors,Standard SUV 2WD,6.2,8,Auto(A10),17,525
2021,General Motors,Standard SUV 2WD,3.6,6,Auto(A9),21,420
2021,FCA US LLC,Standard SUV 2WD,3.6,6,Auto(A8),21,414
2021,FCA US LLC,Standard SUV 2WD,5.7,8,Auto(A8),17,525
2021,Ford Motor Company,Standard SUV 2WD,3.5,6,Auto(S10),19,456
2021,Ford Motor Company,Standard SUV 2WD,3.5,6,Auto(S10),19,456
2021,Ford Motor Company,Standard SUV 2WD,3.3,6,Auto(S10),27,324
2021,Ford Motor Company,Standard SUV 2WD,2.3,4,Auto(A10),24,373
2021,Ford Motor Company,Standard SUV 2WD,2.3,4,Auto(S10),24,373
2021,Ford Motor Company,Standard SUV 2WD,3.0,6,Auto(S10),21,431
2021,General Motors,Standard SUV 2WD,2.0,4,Auto(A9),25,349
2021,General Motors,Standard SUV 2WD,2.5,4,Auto(A9),23,382
2021,General Motors,Standard SUV 2WD,3.6,6,Auto(A9),22,402
2021,General Motors,Standard SUV 2WD,3.0,6,Auto(A10),23,437
2021,General Motors,Standard SUV 2WD,5.3,8,Auto(A10),17,523
2021,General Motors,Standard SUV 2WD,5.3,8,Auto(A10),18,492
2021,General Motors,Standard SUV 2WD,6.2,8,Auto(A10),16,544
2021,General Motors,Standard SUV 2WD,6.2,8,Auto(A10),17,525
2021,General Motors,Standard SUV 2WD,3.0,6,Auto(A10),23,437
2021,General Motors,Standard SUV 2WD,5.3,8,Auto(A10),17,523
2021,General Motors,Standard SUV 2WD,5.3,8,Auto(A10),18,492
2021,General Motors,Standard SUV 2WD,6.2,8,Auto(A10),16,566
2021,General Motors,Standard SUV 2WD,6.2,8,Auto(A10),16,539
2021,Hyundai,Standard SUV 2WD,3.8,6,Auto(S8),22,407
2021,Nissan,Standard SUV 2WD,5.6,8,Auto(S7),16,554
2021,FCA US LLC,Standard SUV 2WD,3.6,6,Auto(A8),21,414
2021,FCA US LLC,Standard SUV 2WD,3.6,6,Auto(A8),21,416
2021,Ford Motor Company,Standard SUV 2WD,3.0,6,Auto(S10),21,431
2021,Ford Motor Company,Standard SUV 2WD,3.5,6,Auto(S10),18,486
2021,Ford Motor Company,Standard SUV 2WD,3.5,6,Auto(S10),18,494
2021,Nissan,Standard SUV 2WD,5.6,8,Auto(S7),16,558
2021,Toyota,Standard SUV 2WD,4.0,6,Auto(S5),17,503
2021,Toyota,Standard SUV 2WD,5.7,8,Auto(S6),15,608
2021,Volvo,Standard SUV 2WD,2.0,4,Auto(S8),25,361
2021,aston martin,Standard SUV 4WD,4.0,8,Auto(A9),15,572
2021,Volkswagen Group of,Standard SUV 4WD,2.0,4,Auto(S8),21,425
2021,Volkswagen Group of,Standard SUV 4WD,3.0,6,Auto(S8),20,453
2021,Volkswagen Group of,Standard SUV 4WD,3.0,6,Auto(S8),20,453
2021,Volkswagen Group of,Standard SUV 4WD,4.0,8,Auto(S8),15,579
2021,Volkswagen Group of,Standard SUV 4WD,4.0,8,Auto(S8),17,522
2021,Volkswagen Group of,Standard SUV 4WD,4.0,8,Auto(S8),17,522
2021,Volkswagen Group of,Standard SUV 4WD,4.0,8,Auto(S8),18,497
2021,Volkswagen Group of,Standard SUV 4WD,6.0,12,Auto(S8),14,616
2021,BMW,Standard SUV 4WD,4.4,8,Auto(S8),17,514
2021,BMW,Standard SUV 4WD,4.4,8,Auto(S8),15,586
2021,BMW,Standard SUV 4WD,4.4,8,Auto(S8),15,586
2021,BMW,Standard SUV 4WD,4.4,8,Auto(S8),18,488
2021,BMW,Standard SUV 4WD,3.0,6,Auto(S8),23,389
2021,BMW,Standard SUV 4WD,4.4,8,Auto(S8),15,586
2021,BMW,Standard SUV 4WD,4.4,8,Auto(S8),15,586
2021,BMW,Standard SUV 4WD,4.4,8,Auto(S8),18,488
2021,BMW,Standard SUV 4WD,3.0,6,Auto(S8),23,389
2021,BMW,Standard SUV 4WD,4.4,8,Auto(S8),17,514
2021,BMW,Standard SUV 4WD,3.0,6,Auto(S8),21,412
2021,General Motors,Standard SUV 4WD,3.6,6,Auto(A9),20,440
2021,General Motors,Standard SUV 4WD,3.0,6,Auto(A10),22,444
2021,General Motors,Standard SUV 4WD,6.2,8,Auto(A10),16,570
2021,General Motors,Standard SUV 4WD,6.2,8,Auto(A10),16,558
2021,General Motors,Standard SUV 4WD,3.0,6,Auto(A10),22,444
2021,General Motors,Standard SUV 4WD,5.3,8,Auto(A10),16,555
2021,General Motors,Standard SUV 4WD,5.3,8,Auto(A10),17,515
2021,General Motors,Standard SUV 4WD,6.2,8,Auto(A10),16,570
2021,General Motors,Standard SUV 4WD,6.2,8,Auto(A10),16,558
2021,General Motors,Standard SUV 4WD,3.0,6,Auto(A10),22,444
2021,General Motors,Standard SUV 4WD,5.3,8,Auto(A10),17,523
2021,General Motors,Standard SUV 4WD,5.3,8,Auto(A10),18,496
2021,General Motors,Standard SUV 4WD,6.2,8,Auto(A10),16,570
2021,General Motors,Standard SUV 4WD,6.2,8,Auto(A10),16,558
2021,General Motors,Standard SUV 4WD,3.6,6,Auto(A9),20,439
2021,FCA US LLC,Standard SUV 4WD,3.6,6,Auto(A8),21,427
2021,FCA US LLC,Standard SUV 4WD,5.7,8,Auto(A8),17,533
2021,FCA US LLC,Standard SUV 4WD,6.2,8,Auto(A8),13,659
2021,FCA US LLC,Standard SUV 4WD,6.4,8,Auto(A8),15,584
2021,Ford Motor Company,Standard SUV 4WD,3.5,6,Auto(S10),19,476
2021,Ford Motor Company,Standard SUV 4WD,3.5,6,Auto(S10),18,494
2021,Ford Motor Company,Standard SUV 4WD,2.3,4,Auto(A10),23,386
2021,Ford Motor Company,Standard SUV 4WD,2.3,4,Auto(S10),23,386
2021,Ford Motor Company,Standard SUV 4WD,3.0,6,Auto(S10),20,445
2021,Ford Motor Company,Standard SUV 4WD,3.3,6,Auto(S10),19,471
2021,Ford Motor Company,Standard SUV 4WD,3.3,6,Auto(S10),25,361
2021,Ford Motor Company,Standard SUV 4WD,2.3,4,Auto(S10),21,431
2021,Hyundai,Standard SUV 4WD,2.5,4,Auto(S8),22,401
2021,Hyundai,Standard SUV 4WD,3.5,6,Auto(S8),20,448
2021,General Motors,Standard SUV 4WD,2.0,4,Auto(A9),24,362
2021,General Motors,Standard SUV 4WD,3.6,6,Auto(A9),21,413
2021,General Motors,Standard SUV 4WD,3.0,6,Auto(A10),22,444
2021,General Motors,Standard SUV 4WD,5.3,8,Auto(A10),17,523
2021,General Motors,Standard SUV 4WD,5.3,8,Auto(A10),18,496
2021,General Motors,Standard SUV 4WD,6.2,8,Auto(A10),16,570
2021,General Motors,Standard SUV 4WD,6.2,8,Auto(A10),16,558
2021,General Motors,Standard SUV 4WD,3.0,6,Auto(A10),22,444
2021,General Motors,Standard SUV 4WD,5.3,8,Auto(A10),16,555
2021,General Motors,Standard SUV 4WD,5.3,8,Auto(A10),17,515
2021,General Motors,Standard SUV 4WD,6.2,8,Auto(A10),16,570
2021,General Motors,Standard SUV 4WD,6.2,8,Auto(A10),16,558
2021,Hyundai,Standard SUV 4WD,3.8,6,Auto(S8),21,426
2021,Nissan,Standard SUV 4WD,5.6,8,Auto(S7),15,593
2021,Nissan,Standard SUV 4WD,5.6,8,Auto(S7),15,594
2021,FCA US LLC,Standard SUV 4WD,3.6,6,Auto(A8),21,427
2021,FCA US LLC,Standard SUV 4WD,5.7,8,Auto(A8),17,533
2021,FCA US LLC,Standard SUV 4WD,3.6,6,Auto(A8),21,428
2021,FCA US LLC,Standard SUV 4WD,5.7,8,Auto(A8),17,533
2021,FCA US LLC,Standard SUV 4WD,6.4,8,Auto(A8),15,592
2021,FCA US LLC,Standard SUV 4WD,6.2,8,Auto(A8),13,664
2021,Volkswagen Group of,Standard SUV 4WD,4.0,8,Auto(S8),14,617
2021,Jaguar Land Rover L,Standard SUV 4WD,2.0,4,Auto(S8),18,492
2021,Jaguar Land Rover L,Standard SUV 4WD,3.0,6,Auto(S8),19,462
2021,Jaguar Land Rover L,Standard SUV 4WD,2.0,4,Auto(S8),19,466
2021,Jaguar Land Rover L,Standard SUV 4WD,3.0,6,Auto(S8),19,462
2021,Jaguar Land Rover L,Standard SUV 4WD,2.0,4,Auto(S8),21,436
2021,Jaguar Land Rover L,Standard SUV 4WD,3.0,6,Auto(S8),21,435
2021,Jaguar Land Rover L,Standard SUV 4WD,3.0,6,Auto(S8),24,412
2021,Jaguar Land Rover L,Standard SUV 4WD,5.0,8,Auto(S8),18,491
2021,Jaguar Land Rover L,Standard SUV 4WD,5.0,8,Auto(S8),18,491
2021,Jaguar Land Rover L,Standard SUV 4WD,5.0,8,Auto(S8),15,587
2021,Jaguar Land Rover L,Standard SUV 4WD,3.0,6,Auto(S8),20,449
2021,Jaguar Land Rover L,Standard SUV 4WD,3.0,6,Auto(S8),24,412
2021,Jaguar Land Rover L,Standard SUV 4WD,5.0,8,Auto(S8),19,472
2021,Jaguar Land Rover L,Standard SUV 4WD,3.0,6,Auto(S8),21,433
2021,Jaguar Land Rover L,Standard SUV 4WD,5.0,8,Auto(S8),16,540
2021,Jaguar Land Rover L,Standard SUV 4WD,5.0,8,Auto(S8),16,569
2021,Toyota,Standard SUV 4WD,4.6,8,Auto(S6),16,542
2021,Toyota,Standard SUV 4WD,5.7,8,Auto(S8),14,636
2021,Toyota,Standard SUV 4WD,3.5,6,Auto(AV-S6),30,297
2021,Toyota,Standard SUV 4WD,3.5,6,Auto(AV-S6),29,305
2021,Ford Motor Company,Standard SUV 4WD,3.0,6,Auto(S10),20,445
2021,Ford Motor Company,Standard SUV 4WD,3.5,6,Auto(S10),17,508
2021,Maserati,Standard SUV 4WD,3.0,6,Auto(A8),18,495
2021,Maserati,Standard SUV 4WD,3.8,8,Auto(A8),16,562
2021,Maserati,Standard SUV 4WD,3.0,6,Auto(A8),18,495
2021,Maserati,Standard SUV 4WD,3.8,8,Auto(A8),16,562
2021,Mercedes-Benz,Standard SUV 4WD,4.0,8,Auto(A9),14,637
2021,Mercedes-Benz,Standard SUV 4WD,3.0,6,Auto(A9),19,458
2021,Mercedes-Benz,Standard SUV 4WD,3.0,6,Auto(A9),20,440
2021,Mercedes-Benz,Standard SUV 4WD,4.0,8,Auto(A9),16,540
2021,Mercedes-Benz,Standard SUV 4WD,4.0,8,Auto(A9),17,534
2021,Mercedes-Benz,Standard SUV 4WD,4.0,8,Auto(A9),16,559
2021,Mercedes-Benz,Standard SUV 4WD,4.0,8,Auto(A9),18,494
2021,Mercedes-Benz,Standard SUV 4WD,3.0,6,Auto(A9),23,393
2021,Mercedes-Benz,Standard SUV 4WD,4.0,8,Auto(A9),19,465
2021,Mercedes-Benz,Standard SUV 4WD,3.0,6,Auto(A9),21,414
2021,Mercedes-Benz,Standard SUV 4WD,4.0,8,Auto(A9),18,491
2021,Mercedes-Benz,Standard SUV 4WD,4.0,8,Auto(A9),16,539
2021,Nissan,Standard SUV 4WD,5.6,8,Auto(S7),15,595
2021,Nissan,Standard SUV 4WD,5.6,8,Auto(S7),15,594
2021,Porsche,Standard SUV 4WD,3.0,6,Auto(S8),20,432
2021,Porsche,Standard SUV 4WD,3.0,6,Auto(S8),20,437
2021,Porsche,Standard SUV 4WD,4.0,8,Auto(S8),17,533
2021,Porsche,Standard SUV 4WD,4.0,8,Auto(S8),17,525
2021,Porsche,Standard SUV 4WD,2.9,6,Auto(S8),20,448
2021,Porsche,Standard SUV 4WD,2.9,6,Auto(S8),19,460
2021,Porsche,Standard SUV 4WD,4.0,8,Auto(S8),17,529
2021,Porsche,Standard SUV 4WD,4.0,8,Auto(S8),17,535
2021,Subaru,Standard SUV 4WD,2.4,4,Auto(AV-S8),23,386
2021,Subaru,Standard SUV 4WD,2.4,4,Auto(AV-S8),22,401
2021,Toyota,Standard SUV 4WD,4.0,6,Auto(S5),17,515
2021,Toyota,Standard SUV 4WD,4.0,6,Auto(S5),17,515
2021,Toyota,Standard SUV 4WD,2.5,4,Auto(AV-S6),35,254
2021,Toyota,Standard SUV 4WD,2.5,4,Auto(AV-S6),35,251
2021,Toyota,Standard SUV 4WD,5.7,8,Auto(S8),14,618
2021,Toyota,Standard SUV 4WD,5.7,8,Auto(S6),14,618
2021,Volkswagen Group of,Standard SUV 4WD,3.6,6,Auto(S8),18,485
2021,Volvo,Standard SUV 4WD,2.0,4,Auto(S8),22,394
2021,Volvo,Standard SUV 4WD,2.0,4,Auto(S8),23,380